Customer ID,Internal ID,Original Internal ID,Obligor Name,City,Country,Zip Code,Industry Code,Industry Code Type,Obligor Internal Risk Rating,TIN,Stock Exchange,Ticker Symbol
CUST0001,OBL0001,OBL0001,Company 1,Houston,Canada,86492,5222,NAICS,2,263241260,TSX,TICK1
CUST0002,OBL0002,OBL0002,Company 2,Houston,USA,80388,6113,SIC,4,889112029,NASDAQ,TICK2
CUST0003,OBL0003,OBL0003,Company 3,San Francisco,USA,90236,5415,NAICS,3,617828391,NASDAQ,TICK3
CUST0004,OBL0004,OBL0004,Company 4,Boston,USA,50278,6244,NAICS,5,297281955,NASDAQ,TICK4
CUST0005,OBL0005,OBL0005,Company 5,Los Angeles,France,56568,5222,SIC,4,115118518,LSE,TICK5
CUST0006,OBL0006,OBL0006,Company 6,Houston,Canada,86936,5411,NAICS,4,287902012,NYSE,TICK6
CUST0007,OBL0007,OBL0007,Company 7,Los Angeles,UK,27242,6113,SIC,5,788540811,Euronext,TICK7
CUST0008,OBL0008,OBL0008,Company 8,Houston,Canada,62578,5411,SIC,5,926849242,TSX,TICK8
CUST0009,OBL0009,OBL0009,Company 9,San Francisco,Germany,16512,6113,NAICS,2,161075681,Euronext,TICK9
CUST0010,OBL0010,OBL0010,Company 10,San Francisco,UK,29929,6244,NAICS,3,727341462,NYSE,TICK10
CUST0011,OBL0011,OBL0011,Company 11,Houston,UK,40391,6244,NAICS,2,555228288,TSX,TICK11
CUST0012,OBL0012,OBL0012,Company 12,Los Angeles,Germany,55515,4234,NAICS,3,933683907,Euronext,TICK12
CUST0013,OBL0013,OBL0013,Company 13,Houston,USA,55000,5415,NAICS,3,376753541,LSE,TICK13
CUST0014,OBL0014,OBL0014,Company 14,Chicago,France,85983,3361,NAICS,1,245277594,TSX,TICK14
CUST0015,OBL0015,OBL0015,Company 15,Houston,France,48793,5415,NAICS,4,586394319,TSX,TICK15
CUST0016,OBL0016,OBL0016,Company 16,Los Angeles,Germany,34776,6244,SIC,4,224935921,TSX,TICK16
CUST0017,OBL0017,OBL0017,Company 17,Boston,Germany,11443,6244,NAICS,3,105022009,TSX,TICK17
CUST0018,OBL0018,OBL0018,Company 18,Los Angeles,USA,11641,6244,NAICS,3,668440771,TSX,TICK18
CUST0019,OBL0019,OBL0019,Company 19,Boston,UK,23219,5222,SIC,2,658378852,TSX,TICK19
CUST0020,OBL0020,OBL0020,Company 20,San Francisco,UK,77492,5411,SIC,2,715138238,TSX,TICK20
CUST0021,OBL0021,OBL0021,Company 21,Los Angeles,UK,38673,6244,SIC,2,328549631,LSE,TICK21
CUST0022,OBL0022,OBL0022,Company 22,San Francisco,USA,13101,5415,NAICS,1,250164964,LSE,TICK22
CUST0023,OBL0023,OBL0023,Company 23,San Francisco,UK,14616,6244,SIC,5,810184398,NYSE,TICK23
CUST0024,OBL0024,OBL0024,Company 24,Chicago,USA,98603,5415,NAICS,4,746455004,NYSE,TICK24
CUST0025,OBL0025,OBL0025,Company 25,New York,Canada,66805,4234,SIC,4,461498127,TSX,TICK25
CUST0026,OBL0026,OBL0026,Company 26,San Francisco,Germany,84689,5415,NAICS,4,891496092,LSE,TICK26
CUST0027,OBL0027,OBL0027,Company 27,San Francisco,France,55235,4234,SIC,1,237329622,LSE,TICK27
CUST0028,OBL0028,OBL0028,Company 28,Boston,France,65318,5415,SIC,5,962877841,LSE,TICK28
CUST0029,OBL0029,OBL0029,Company 29,Boston,Germany,21517,3361,SIC,4,839137555,NASDAQ,TICK29
CUST0030,OBL0030,OBL0030,Company 30,Houston,UK,33827,4234,SIC,4,603461188,NYSE,TICK30
CUST0031,OBL0031,OBL0031,Company 31,Houston,Canada,75630,6244,NAICS,2,238095466,TSX,TICK31
CUST0032,OBL0032,OBL0032,Company 32,Chicago,France,13774,6244,SIC,5,315381139,Euronext,TICK32
CUST0033,OBL0033,OBL0033,Company 33,Houston,Canada,10464,5415,SIC,4,502271202,LSE,TICK33
CUST0034,OBL0034,OBL0034,Company 34,Boston,Canada,87933,6113,NAICS,2,504460275,LSE,TICK34
CUST0035,OBL0035,OBL0035,Company 35,Los Angeles,USA,63949,4234,SIC,2,825425572,NYSE,TICK35
CUST0036,OBL0036,OBL0036,Company 36,Los Angeles,USA,61222,3254,NAICS,2,275850997,NASDAQ,TICK36
CUST0037,OBL0037,OBL0037,Company 37,Houston,UK,45212,5411,SIC,1,182862536,Euronext,TICK37
CUST0038,OBL0038,OBL0038,Company 38,Chicago,Germany,86726,5415,SIC,4,118429850,Euronext,TICK38
CUST0039,OBL0039,OBL0039,Company 39,Los Angeles,Germany,30129,4234,NAICS,2,213263310,NASDAQ,TICK39
CUST0040,OBL0040,OBL0040,Company 40,San Francisco,Germany,55445,3254,NAICS,4,382183235,TSX,TICK40
CUST0041,OBL0041,OBL0041,Company 41,Chicago,Canada,19899,3254,SIC,1,737272065,Euronext,TICK41
CUST0042,OBL0042,OBL0042,Company 42,New York,UK,96231,5222,NAICS,5,855061780,LSE,TICK42
CUST0043,OBL0043,OBL0043,Company 43,Miami,France,22410,5411,NAICS,3,113907566,LSE,TICK43
CUST0044,OBL0044,OBL0044,Company 44,New York,Germany,75549,3361,SIC,5,465156575,Euronext,TICK44
CUST0045,OBL0045,OBL0045,Company 45,Miami,France,90017,3254,SIC,4,865463803,LSE,TICK45
CUST0046,OBL0046,OBL0046,Company 46,Seattle,Germany,89472,5415,NAICS,2,796144780,NYSE,TICK46
CUST0047,OBL0047,OBL0047,Company 47,Seattle,USA,67155,5222,SIC,5,784832505,Euronext,TICK47
CUST0048,OBL0048,OBL0048,Company 48,San Francisco,Canada,29606,3254,SIC,1,736151536,NASDAQ,TICK48
CUST0049,OBL0049,OBL0049,Company 49,New York,Canada,16406,5415,NAICS,2,551279695,TSX,TICK49
CUST0050,OBL0050,OBL0050,Company 50,San Francisco,Canada,56860,6113,NAICS,3,366124961,TSX,TICK50
CUST0051,OBL0051,OBL0051,Company 51,Seattle,USA,65417,5222,NAICS,3,676332126,NASDAQ,TICK51
CUST0052,OBL0052,OBL0052,Company 52,San Francisco,USA,53881,4234,SIC,1,167963863,LSE,TICK52
CUST0053,OBL0053,OBL0053,Company 53,San Francisco,UK,70877,6244,SIC,5,532039091,Euronext,TICK53
CUST0054,OBL0054,OBL0054,Company 54,Miami,USA,58320,5415,SIC,4,935701746,NASDAQ,TICK54
CUST0055,OBL0055,OBL0055,Company 55,San Francisco,Canada,37549,3254,NAICS,5,698421818,LSE,TICK55
CUST0056,OBL0056,OBL0056,Company 56,Boston,Germany,63212,6244,NAICS,5,245246764,NASDAQ,TICK56
CUST0057,OBL0057,OBL0057,Company 57,Miami,France,27495,5222,SIC,2,601280535,NYSE,TICK57
CUST0058,OBL0058,OBL0058,Company 58,Miami,Germany,26587,6244,SIC,1,110690662,NASDAQ,TICK58
CUST0059,OBL0059,OBL0059,Company 59,Chicago,Canada,60061,4234,SIC,4,113325101,TSX,TICK59
CUST0060,OBL0060,OBL0060,Company 60,New York,USA,14796,5222,SIC,5,632555253,NYSE,TICK60
CUST0061,OBL0061,OBL0061,Company 61,Los Angeles,USA,50339,3361,SIC,3,859869256,NASDAQ,TICK61
CUST0062,OBL0062,OBL0062,Company 62,Chicago,France,74575,5411,SIC,5,660876221,LSE,TICK62
CUST0063,OBL0063,OBL0063,Company 63,Los Angeles,UK,26476,4234,SIC,4,839270192,LSE,TICK63
CUST0064,OBL0064,OBL0064,Company 64,Chicago,Germany,87284,5222,NAICS,3,909792111,NYSE,TICK64
CUST0065,OBL0065,OBL0065,Company 65,San Francisco,France,81758,6244,SIC,5,607828030,TSX,TICK65
CUST0066,OBL0066,OBL0066,Company 66,Los Angeles,Canada,14616,6244,SIC,5,641158068,Euronext,TICK66
CUST0067,OBL0067,OBL0067,Company 67,San Francisco,Germany,57919,5415,SIC,4,114987385,LSE,TICK67
CUST0068,OBL0068,OBL0068,Company 68,Houston,UK,78756,3254,NAICS,2,759416346,LSE,TICK68
CUST0069,OBL0069,OBL0069,Company 69,Chicago,France,79405,6244,SIC,3,500116872,NASDAQ,TICK69
CUST0070,OBL0070,OBL0070,Company 70,Houston,Canada,23808,6113,SIC,4,671372740,LSE,TICK70
CUST0071,OBL0071,OBL0071,Company 71,Seattle,UK,38849,6113,NAICS,5,784658359,LSE,TICK71
CUST0072,OBL0072,OBL0072,Company 72,Houston,France,68792,5222,NAICS,3,457453050,NYSE,TICK72
CUST0073,OBL0073,OBL0073,Company 73,Chicago,Canada,91596,6113,NAICS,5,632927454,LSE,TICK73
CUST0074,OBL0074,OBL0074,Company 74,Seattle,UK,27777,6244,NAICS,3,357107996,NYSE,TICK74
CUST0075,OBL0075,OBL0075,Company 75,Chicago,UK,65428,6113,NAICS,1,118733844,Euronext,TICK75
CUST0076,OBL0076,OBL0076,Company 76,Houston,Germany,50441,6244,SIC,1,931693579,TSX,TICK76
CUST0077,OBL0077,OBL0077,Company 77,Seattle,USA,84339,5222,SIC,4,762187947,TSX,TICK77
CUST0078,OBL0078,OBL0078,Company 78,Boston,UK,24539,3361,NAICS,2,474775091,Euronext,TICK78
CUST0079,OBL0079,OBL0079,Company 79,Los Angeles,Germany,62823,3361,SIC,1,969317043,TSX,TICK79
CUST0080,OBL0080,OBL0080,Company 80,Los Angeles,France,29948,3254,NAICS,2,745507836,TSX,TICK80
CUST0081,OBL0081,OBL0081,Company 81,Seattle,USA,53892,3254,NAICS,1,390464494,Euronext,TICK81
CUST0082,OBL0082,OBL0082,Company 82,Boston,Germany,93531,4234,SIC,1,663331621,Euronext,TICK82
CUST0083,OBL0083,OBL0083,Company 83,Seattle,UK,84541,6113,SIC,2,411000983,NASDAQ,TICK83
CUST0084,OBL0084,OBL0084,Company 84,Chicago,Canada,26878,4234,NAICS,5,330387165,LSE,TICK84
CUST0085,OBL0085,OBL0085,Company 85,New York,France,30251,5411,SIC,1,179744052,TSX,TICK85
CUST0086,OBL0086,OBL0086,Company 86,San Francisco,UK,96689,6113,NAICS,4,420574358,LSE,TICK86
CUST0087,OBL0087,OBL0087,Company 87,New York,Germany,36940,4234,NAICS,2,670219018,Euronext,TICK87
CUST0088,OBL0088,OBL0088,Company 88,Miami,Germany,66257,5411,NAICS,5,659400819,LSE,TICK88
CUST0089,OBL0089,OBL0089,Company 89,Chicago,USA,55298,5222,SIC,2,268746539,Euronext,TICK89
CUST0090,OBL0090,OBL0090,Company 90,San Francisco,Germany,44980,6113,SIC,2,873309502,NYSE,TICK90
CUST0091,OBL0091,OBL0091,Company 91,Los Angeles,France,56081,6113,SIC,1,212394118,NASDAQ,TICK91
CUST0092,OBL0092,OBL0092,Company 92,San Francisco,Canada,83165,6113,NAICS,4,934989228,LSE,TICK92
CUST0093,OBL0093,OBL0093,Company 93,Seattle,France,95008,5222,SIC,4,471365171,NASDAQ,TICK93
CUST0094,OBL0094,OBL0094,Company 94,Chicago,USA,15358,6113,SIC,2,181973597,Euronext,TICK94
CUST0095,OBL0095,OBL0095,Company 95,Houston,Canada,49239,4234,SIC,1,472811216,NYSE,TICK95
CUST0096,OBL0096,OBL0096,Company 96,Miami,UK,66999,3254,NAICS,4,568525437,TSX,TICK96
CUST0097,OBL0097,OBL0097,Company 97,Seattle,Canada,96359,3361,NAICS,3,561371788,TSX,TICK97
CUST0098,OBL0098,OBL0098,Company 98,Chicago,Canada,62958,3361,NAICS,3,474468818,NASDAQ,TICK98
CUST0099,OBL0099,OBL0099,Company 99,Chicago,Germany,83638,5415,NAICS,5,152682105,NYSE,TICK99
CUST0100,OBL0100,OBL0100,Company 100,Los Angeles,Germany,46490,5415,NAICS,3,922495561,TSX,TICK100
CUST0101,OBL0101,OBL0101,Company 101,New York,USA,81054,5415,NAICS,1,653606444,LSE,TICK101
CUST0102,OBL0102,OBL0102,Company 102,Boston,USA,83521,3254,NAICS,3,108618903,Euronext,TICK102
CUST0103,OBL0103,OBL0103,Company 103,Houston,Germany,82177,3254,NAICS,1,698624219,NASDAQ,TICK103
CUST0104,OBL0104,OBL0104,Company 104,San Francisco,USA,94452,3254,SIC,5,445449390,Euronext,TICK104
CUST0105,OBL0105,OBL0105,Company 105,New York,USA,72070,6244,NAICS,2,992948141,NASDAQ,TICK105
CUST0106,OBL0106,OBL0106,Company 106,San Francisco,UK,18833,6244,SIC,1,467537503,Euronext,TICK106
CUST0107,OBL0107,OBL0107,Company 107,Los Angeles,Canada,65423,4234,NAICS,1,773482992,Euronext,TICK107
CUST0108,OBL0108,OBL0108,Company 108,Los Angeles,USA,86457,3361,NAICS,4,925139056,NYSE,TICK108
CUST0109,OBL0109,OBL0109,Company 109,Seattle,Canada,36837,4234,NAICS,5,968778995,LSE,TICK109
CUST0110,OBL0110,OBL0110,Company 110,Seattle,France,44569,6244,SIC,2,753749134,LSE,TICK110
CUST0111,OBL0111,OBL0111,Company 111,Chicago,USA,78052,3361,SIC,1,331048271,NYSE,TICK111
CUST0112,OBL0112,OBL0112,Company 112,Seattle,France,39055,6113,NAICS,5,850363667,NYSE,TICK112
CUST0113,OBL0113,OBL0113,Company 113,Chicago,France,70734,5222,SIC,3,947001258,LSE,TICK113
CUST0114,OBL0114,OBL0114,Company 114,Boston,Canada,38688,5222,SIC,1,441235078,NASDAQ,TICK114
CUST0115,OBL0115,OBL0115,Company 115,Los Angeles,Germany,70415,5415,NAICS,4,965802164,LSE,TICK115
CUST0116,OBL0116,OBL0116,Company 116,Los Angeles,France,73338,5222,NAICS,1,850084971,Euronext,TICK116
CUST0117,OBL0117,OBL0117,Company 117,Miami,UK,37073,5415,NAICS,5,116454518,Euronext,TICK117
CUST0118,OBL0118,OBL0118,Company 118,Los Angeles,USA,93535,3361,NAICS,1,270684934,LSE,TICK118
CUST0119,OBL0119,OBL0119,Company 119,Boston,UK,10529,5222,NAICS,5,862613241,NYSE,TICK119
CUST0120,OBL0120,OBL0120,Company 120,Los Angeles,UK,11406,3254,SIC,5,850477825,TSX,TICK120
CUST0121,OBL0121,OBL0121,Company 121,Miami,Germany,80036,6244,SIC,3,622806919,NASDAQ,TICK121
CUST0122,OBL0122,OBL0122,Company 122,Boston,Canada,62358,6113,NAICS,3,404186130,Euronext,TICK122
CUST0123,OBL0123,OBL0123,Company 123,San Francisco,Germany,46405,6113,NAICS,5,993940347,NASDAQ,TICK123
CUST0124,OBL0124,OBL0124,Company 124,Houston,UK,24905,5411,SIC,3,705561304,NASDAQ,TICK124
CUST0125,OBL0125,OBL0125,Company 125,Los Angeles,France,53409,6244,NAICS,4,645234155,NYSE,TICK125
CUST0126,OBL0126,OBL0126,Company 126,New York,Canada,35285,5222,NAICS,1,902284857,NYSE,TICK126
CUST0127,OBL0127,OBL0127,Company 127,Boston,France,36672,3254,NAICS,1,870517512,LSE,TICK127
CUST0128,OBL0128,OBL0128,Company 128,San Francisco,Canada,96880,6244,SIC,3,730197762,Euronext,TICK128
CUST0129,OBL0129,OBL0129,Company 129,New York,Canada,66394,6244,SIC,5,765813172,NASDAQ,TICK129
CUST0130,OBL0130,OBL0130,Company 130,San Francisco,Germany,58804,5415,NAICS,5,682233351,NASDAQ,TICK130
CUST0131,OBL0131,OBL0131,Company 131,Boston,Canada,60394,5411,NAICS,1,821752952,NYSE,TICK131
CUST0132,OBL0132,OBL0132,Company 132,Seattle,Germany,73176,3254,SIC,3,126397760,LSE,TICK132
CUST0133,OBL0133,OBL0133,Company 133,Boston,Canada,93359,5411,NAICS,4,486998414,Euronext,TICK133
CUST0134,OBL0134,OBL0134,Company 134,San Francisco,USA,83136,6113,SIC,3,303738155,LSE,TICK134
CUST0135,OBL0135,OBL0135,Company 135,New York,UK,50202,4234,SIC,4,780348741,Euronext,TICK135
CUST0136,OBL0136,OBL0136,Company 136,Miami,Canada,15538,6244,NAICS,2,197678471,LSE,TICK136
CUST0137,OBL0137,OBL0137,Company 137,Miami,USA,80083,5411,NAICS,1,587531992,TSX,TICK137
CUST0138,OBL0138,OBL0138,Company 138,New York,Canada,28595,3361,SIC,4,945092105,TSX,TICK138
CUST0139,OBL0139,OBL0139,Company 139,Chicago,UK,89895,5411,NAICS,2,691979241,NYSE,TICK139
CUST0140,OBL0140,OBL0140,Company 140,Chicago,France,15739,3254,SIC,1,942680363,Euronext,TICK140
CUST0141,OBL0141,OBL0141,Company 141,Houston,Germany,49461,6113,SIC,3,765262585,NASDAQ,TICK141
CUST0142,OBL0142,OBL0142,Company 142,Miami,France,46943,5222,SIC,5,645808391,TSX,TICK142
CUST0143,OBL0143,OBL0143,Company 143,Los Angeles,Germany,55077,3254,NAICS,2,314095511,NASDAQ,TICK143
CUST0144,OBL0144,OBL0144,Company 144,Miami,Germany,43578,3254,NAICS,4,535875049,NASDAQ,TICK144
CUST0145,OBL0145,OBL0145,Company 145,Boston,Canada,69754,3361,NAICS,1,546570897,TSX,TICK145
CUST0146,OBL0146,OBL0146,Company 146,Houston,France,31288,5415,NAICS,4,378382041,Euronext,TICK146
CUST0147,OBL0147,OBL0147,Company 147,Houston,France,51143,5411,SIC,4,270042467,Euronext,TICK147
CUST0148,OBL0148,OBL0148,Company 148,Boston,UK,28822,5411,SIC,2,714511233,NYSE,TICK148
CUST0149,OBL0149,OBL0149,Company 149,Seattle,USA,47035,6244,SIC,5,350140191,LSE,TICK149
CUST0150,OBL0150,OBL0150,Company 150,San Francisco,Germany,94467,6244,NAICS,3,793160969,NYSE,TICK150
CUST0151,OBL0151,OBL0151,Company 151,Chicago,France,95658,5415,SIC,4,624957172,NYSE,TICK151
CUST0152,OBL0152,OBL0152,Company 152,Boston,UK,89928,5415,NAICS,2,312973358,NASDAQ,TICK152
CUST0153,OBL0153,OBL0153,Company 153,Seattle,USA,71424,3254,SIC,2,610777004,LSE,TICK153
CUST0154,OBL0154,OBL0154,Company 154,Boston,UK,30716,5222,NAICS,2,588725122,Euronext,TICK154
CUST0155,OBL0155,OBL0155,Company 155,Seattle,Germany,85096,5411,SIC,2,627957143,LSE,TICK155
CUST0156,OBL0156,OBL0156,Company 156,Miami,Germany,19861,3254,SIC,1,753675273,Euronext,TICK156
CUST0157,OBL0157,OBL0157,Company 157,New York,France,27109,4234,SIC,4,199708673,NYSE,TICK157
CUST0158,OBL0158,OBL0158,Company 158,Miami,France,37533,5222,NAICS,3,291846543,NASDAQ,TICK158
CUST0159,OBL0159,OBL0159,Company 159,Boston,Canada,71540,4234,SIC,1,953194927,Euronext,TICK159
CUST0160,OBL0160,OBL0160,Company 160,Houston,Canada,46258,3254,NAICS,4,523985036,Euronext,TICK160
CUST0161,OBL0161,OBL0161,Company 161,Chicago,Canada,15979,4234,SIC,5,463191084,TSX,TICK161
CUST0162,OBL0162,OBL0162,Company 162,Seattle,Germany,12476,3361,NAICS,2,188432379,NASDAQ,TICK162
CUST0163,OBL0163,OBL0163,Company 163,Boston,Germany,74676,5415,SIC,2,804725903,TSX,TICK163
CUST0164,OBL0164,OBL0164,Company 164,Los Angeles,Germany,14147,6113,NAICS,5,565045990,NASDAQ,TICK164
CUST0165,OBL0165,OBL0165,Company 165,Boston,Canada,49873,6113,SIC,2,301836308,NYSE,TICK165
CUST0166,OBL0166,OBL0166,Company 166,Houston,UK,96476,6244,SIC,5,384569815,NASDAQ,TICK166
CUST0167,OBL0167,OBL0167,Company 167,Houston,Germany,39338,3254,SIC,5,612490470,NASDAQ,TICK167
CUST0168,OBL0168,OBL0168,Company 168,Houston,USA,15078,3254,SIC,4,226251947,Euronext,TICK168
CUST0169,OBL0169,OBL0169,Company 169,Chicago,Canada,86520,3254,NAICS,1,904136183,NASDAQ,TICK169
CUST0170,OBL0170,OBL0170,Company 170,Houston,Canada,28941,3361,NAICS,3,393677374,NYSE,TICK170
CUST0171,OBL0171,OBL0171,Company 171,Houston,Germany,35583,3254,SIC,5,985320671,NASDAQ,TICK171
CUST0172,OBL0172,OBL0172,Company 172,Boston,USA,45851,5222,NAICS,3,101578930,NASDAQ,TICK172
CUST0173,OBL0173,OBL0173,Company 173,Miami,USA,15661,3254,NAICS,4,345701444,NASDAQ,TICK173
CUST0174,OBL0174,OBL0174,Company 174,San Francisco,Canada,66620,6113,SIC,3,701598607,Euronext,TICK174
CUST0175,OBL0175,OBL0175,Company 175,Seattle,UK,23394,6113,NAICS,1,456482946,LSE,TICK175
CUST0176,OBL0176,OBL0176,Company 176,Boston,Germany,80776,3361,SIC,3,253453078,LSE,TICK176
CUST0177,OBL0177,OBL0177,Company 177,New York,France,74915,4234,SIC,1,724198845,NYSE,TICK177
CUST0178,OBL0178,OBL0178,Company 178,Houston,Canada,61089,6113,NAICS,5,584452079,LSE,TICK178
CUST0179,OBL0179,OBL0179,Company 179,Seattle,USA,82942,5411,NAICS,3,192677960,NYSE,TICK179
CUST0180,OBL0180,OBL0180,Company 180,Seattle,Canada,39040,5411,SIC,3,963298887,LSE,TICK180
CUST0181,OBL0181,OBL0181,Company 181,Los Angeles,UK,97199,6244,NAICS,4,319557552,TSX,TICK181
CUST0182,OBL0182,OBL0182,Company 182,Chicago,UK,68499,3361,SIC,2,660646911,TSX,TICK182
CUST0183,OBL0183,OBL0183,Company 183,Boston,Germany,64132,3361,NAICS,1,688966775,LSE,TICK183
CUST0184,OBL0184,OBL0184,Company 184,San Francisco,UK,71513,3361,SIC,3,987016110,Euronext,TICK184
CUST0185,OBL0185,OBL0185,Company 185,New York,UK,40313,4234,NAICS,1,804360647,NYSE,TICK185
CUST0186,OBL0186,OBL0186,Company 186,Seattle,UK,17593,5415,NAICS,2,221601242,Euronext,TICK186
CUST0187,OBL0187,OBL0187,Company 187,Boston,UK,17280,3361,SIC,3,806853548,Euronext,TICK187
CUST0188,OBL0188,OBL0188,Company 188,Houston,Germany,96828,6113,NAICS,3,788313909,NYSE,TICK188
CUST0189,OBL0189,OBL0189,Company 189,New York,Canada,83715,3361,SIC,5,495205506,TSX,TICK189
CUST0190,OBL0190,OBL0190,Company 190,Boston,France,68157,6244,NAICS,3,642989231,NYSE,TICK190
CUST0191,OBL0191,OBL0191,Company 191,Los Angeles,Germany,52433,5411,NAICS,2,296789871,TSX,TICK191
CUST0192,OBL0192,OBL0192,Company 192,Chicago,USA,91799,3361,NAICS,3,665829353,TSX,TICK192
CUST0193,OBL0193,OBL0193,Company 193,Boston,UK,85616,6113,NAICS,3,589800609,Euronext,TICK193
CUST0194,OBL0194,OBL0194,Company 194,Chicago,USA,37564,5411,NAICS,5,259343045,TSX,TICK194
CUST0195,OBL0195,OBL0195,Company 195,Miami,Germany,31778,3254,SIC,1,369927528,NYSE,TICK195
CUST0196,OBL0196,OBL0196,Company 196,Boston,Germany,48127,6244,SIC,1,729296783,NASDAQ,TICK196
CUST0197,OBL0197,OBL0197,Company 197,New York,UK,82129,5222,NAICS,5,764638215,LSE,TICK197
CUST0198,OBL0198,OBL0198,Company 198,Seattle,Canada,81946,6244,NAICS,5,378834449,NYSE,TICK198
CUST0199,OBL0199,OBL0199,Company 199,New York,USA,85441,6113,NAICS,4,735135619,NYSE,TICK199
CUST0200,OBL0200,OBL0200,Company 200,Miami,UK,74404,5411,NAICS,2,298944599,TSX,TICK200
CUST0201,OBL0201,OBL0201,Company 201,San Francisco,Canada,98081,6244,SIC,1,741441081,NASDAQ,TICK201
CUST0202,OBL0202,OBL0202,Company 202,Boston,Canada,45233,6244,SIC,1,217884169,LSE,TICK202
CUST0203,OBL0203,OBL0203,Company 203,New York,France,95246,5222,SIC,4,146812801,LSE,TICK203
CUST0204,OBL0204,OBL0204,Company 204,Seattle,USA,41342,5411,NAICS,2,677759763,LSE,TICK204
CUST0205,OBL0205,OBL0205,Company 205,Los Angeles,Germany,30741,6113,NAICS,5,595731715,Euronext,TICK205
CUST0206,OBL0206,OBL0206,Company 206,Houston,USA,12258,3361,NAICS,5,167334035,TSX,TICK206
CUST0207,OBL0207,OBL0207,Company 207,San Francisco,Canada,69964,6113,SIC,5,905489775,NYSE,TICK207
CUST0208,OBL0208,OBL0208,Company 208,Los Angeles,France,79099,5222,SIC,3,705060357,Euronext,TICK208
CUST0209,OBL0209,OBL0209,Company 209,San Francisco,France,41053,5222,SIC,1,252059573,TSX,TICK209
CUST0210,OBL0210,OBL0210,Company 210,San Francisco,USA,16850,3254,NAICS,1,980497439,NYSE,TICK210
CUST0211,OBL0211,OBL0211,Company 211,Houston,Canada,75361,3361,NAICS,3,885003814,LSE,TICK211
CUST0212,OBL0212,OBL0212,Company 212,Seattle,UK,38343,6244,NAICS,2,276216187,Euronext,TICK212
CUST0213,OBL0213,OBL0213,Company 213,Chicago,Canada,26859,3361,SIC,4,612931007,TSX,TICK213
CUST0214,OBL0214,OBL0214,Company 214,San Francisco,Germany,98319,4234,NAICS,2,260923298,NYSE,TICK214
CUST0215,OBL0215,OBL0215,Company 215,Miami,France,40880,5411,NAICS,4,552466150,NYSE,TICK215
CUST0216,OBL0216,OBL0216,Company 216,New York,France,18840,3361,NAICS,2,946750543,LSE,TICK216
CUST0217,OBL0217,OBL0217,Company 217,Houston,France,63045,6113,NAICS,1,239741943,NYSE,TICK217
CUST0218,OBL0218,OBL0218,Company 218,Los Angeles,France,32639,4234,SIC,3,394636029,NYSE,TICK218
CUST0219,OBL0219,OBL0219,Company 219,San Francisco,UK,75137,5411,SIC,2,975519541,NASDAQ,TICK219
CUST0220,OBL0220,OBL0220,Company 220,Boston,Germany,59406,4234,SIC,5,893336685,Euronext,TICK220
CUST0221,OBL0221,OBL0221,Company 221,Seattle,Germany,45854,5415,SIC,1,894221411,Euronext,TICK221
CUST0222,OBL0222,OBL0222,Company 222,Boston,Canada,95919,3361,NAICS,5,730992149,NYSE,TICK222
CUST0223,OBL0223,OBL0223,Company 223,Los Angeles,Germany,66000,3254,SIC,4,971812933,NASDAQ,TICK223
CUST0224,OBL0224,OBL0224,Company 224,Los Angeles,USA,77030,5222,SIC,2,680515087,NASDAQ,TICK224
CUST0225,OBL0225,OBL0225,Company 225,Miami,Canada,42957,6244,NAICS,5,310631356,Euronext,TICK225
CUST0226,OBL0226,OBL0226,Company 226,San Francisco,UK,49950,3254,SIC,4,748247702,NASDAQ,TICK226
CUST0227,OBL0227,OBL0227,Company 227,Houston,Germany,38406,5222,SIC,4,112167572,Euronext,TICK227
CUST0228,OBL0228,OBL0228,Company 228,Chicago,France,19959,5222,NAICS,5,431687708,NASDAQ,TICK228
CUST0229,OBL0229,OBL0229,Company 229,Boston,USA,20737,5411,SIC,1,440909017,TSX,TICK229
CUST0230,OBL0230,OBL0230,Company 230,Los Angeles,UK,57713,5415,SIC,4,821359877,LSE,TICK230
CUST0231,OBL0231,OBL0231,Company 231,Chicago,UK,79539,6244,SIC,3,879136225,NYSE,TICK231
CUST0232,OBL0232,OBL0232,Company 232,Boston,France,29843,5411,SIC,3,190947701,NYSE,TICK232
CUST0233,OBL0233,OBL0233,Company 233,New York,Germany,66026,6244,NAICS,4,625864420,NYSE,TICK233
CUST0234,OBL0234,OBL0234,Company 234,Boston,Canada,51935,5222,SIC,2,155104094,TSX,TICK234
CUST0235,OBL0235,OBL0235,Company 235,Houston,France,43458,6244,SIC,2,547870215,TSX,TICK235
CUST0236,OBL0236,OBL0236,Company 236,Miami,France,89884,6244,SIC,4,459637150,NASDAQ,TICK236
CUST0237,OBL0237,OBL0237,Company 237,Seattle,USA,25704,5411,NAICS,5,524326982,Euronext,TICK237
CUST0238,OBL0238,OBL0238,Company 238,Seattle,UK,60935,3254,SIC,2,292857512,NYSE,TICK238
CUST0239,OBL0239,OBL0239,Company 239,Los Angeles,USA,44592,6113,NAICS,1,283294296,Euronext,TICK239
CUST0240,OBL0240,OBL0240,Company 240,Houston,UK,63367,3254,NAICS,2,472851811,Euronext,TICK240
CUST0241,OBL0241,OBL0241,Company 241,Miami,Germany,27322,6244,SIC,4,625170808,NYSE,TICK241
CUST0242,OBL0242,OBL0242,Company 242,San Francisco,France,52237,5411,SIC,3,982870161,TSX,TICK242
CUST0243,OBL0243,OBL0243,Company 243,Los Angeles,UK,70639,6244,NAICS,2,649646698,NYSE,TICK243
CUST0244,OBL0244,OBL0244,Company 244,Seattle,UK,80075,3254,NAICS,5,598163608,TSX,TICK244
CUST0245,OBL0245,OBL0245,Company 245,San Francisco,Germany,80750,6244,SIC,5,743165984,LSE,TICK245
CUST0246,OBL0246,OBL0246,Company 246,Chicago,France,13599,5415,SIC,5,764903357,NYSE,TICK246
CUST0247,OBL0247,OBL0247,Company 247,San Francisco,France,82558,5411,SIC,3,837068638,NYSE,TICK247
CUST0248,OBL0248,OBL0248,Company 248,Boston,UK,55920,5411,NAICS,1,622529834,NYSE,TICK248
CUST0249,OBL0249,OBL0249,Company 249,Miami,UK,55179,3254,SIC,4,217949474,NYSE,TICK249
CUST0250,OBL0250,OBL0250,Company 250,Los Angeles,Germany,22534,5222,NAICS,5,433016655,NASDAQ,TICK250
CUST0251,OBL0251,OBL0251,Company 251,Seattle,France,75392,3254,SIC,3,851567157,NASDAQ,TICK251
CUST0252,OBL0252,OBL0252,Company 252,Miami,UK,76321,3361,SIC,3,724030827,Euronext,TICK252
CUST0253,OBL0253,OBL0253,Company 253,Chicago,USA,69336,5222,NAICS,3,683756165,Euronext,TICK253
CUST0254,OBL0254,OBL0254,Company 254,Los Angeles,USA,25017,3361,SIC,1,735350725,NASDAQ,TICK254
CUST0255,OBL0255,OBL0255,Company 255,Chicago,France,34407,6113,SIC,4,142088526,NYSE,TICK255
CUST0256,OBL0256,OBL0256,Company 256,Seattle,UK,40475,5415,NAICS,2,102838123,NYSE,TICK256
CUST0257,OBL0257,OBL0257,Company 257,Los Angeles,USA,69911,6113,SIC,5,886802623,NASDAQ,TICK257
CUST0258,OBL0258,OBL0258,Company 258,Houston,France,83874,5222,SIC,5,410957434,LSE,TICK258
CUST0259,OBL0259,OBL0259,Company 259,San Francisco,UK,31665,6113,SIC,3,599672456,Euronext,TICK259
CUST0260,OBL0260,OBL0260,Company 260,New York,Canada,55937,6244,NAICS,1,285304684,LSE,TICK260
CUST0261,OBL0261,OBL0261,Company 261,Miami,USA,77216,4234,SIC,3,246906285,LSE,TICK261
CUST0262,OBL0262,OBL0262,Company 262,Los Angeles,USA,79814,4234,SIC,4,913391835,Euronext,TICK262
CUST0263,OBL0263,OBL0263,Company 263,Boston,France,86047,3361,SIC,3,379299404,NASDAQ,TICK263
CUST0264,OBL0264,OBL0264,Company 264,Miami,USA,13764,5411,NAICS,2,149446905,Euronext,TICK264
CUST0265,OBL0265,OBL0265,Company 265,Seattle,Canada,76561,6244,NAICS,5,795104990,Euronext,TICK265
CUST0266,OBL0266,OBL0266,Company 266,Houston,Germany,20587,3361,SIC,4,457508169,Euronext,TICK266
CUST0267,OBL0267,OBL0267,Company 267,Los Angeles,Germany,18029,6113,SIC,2,451049879,NASDAQ,TICK267
CUST0268,OBL0268,OBL0268,Company 268,Boston,Germany,61459,6113,NAICS,2,253425639,NASDAQ,TICK268
CUST0269,OBL0269,OBL0269,Company 269,San Francisco,USA,31746,6113,SIC,3,889513655,NYSE,TICK269
CUST0270,OBL0270,OBL0270,Company 270,New York,Canada,70657,5411,SIC,2,827623361,TSX,TICK270
CUST0271,OBL0271,OBL0271,Company 271,New York,Germany,50100,5411,SIC,5,521556262,Euronext,TICK271
CUST0272,OBL0272,OBL0272,Company 272,Los Angeles,Germany,83036,3254,SIC,2,113566889,NYSE,TICK272
CUST0273,OBL0273,OBL0273,Company 273,Seattle,UK,62191,3254,NAICS,1,512638907,LSE,TICK273
CUST0274,OBL0274,OBL0274,Company 274,New York,France,72203,5411,SIC,2,905416955,NYSE,TICK274
CUST0275,OBL0275,OBL0275,Company 275,Los Angeles,USA,38875,3254,SIC,5,894639637,NASDAQ,TICK275
CUST0276,OBL0276,OBL0276,Company 276,Houston,UK,45294,5222,NAICS,1,229789298,Euronext,TICK276
CUST0277,OBL0277,OBL0277,Company 277,New York,USA,59386,5222,SIC,5,566360818,NYSE,TICK277
CUST0278,OBL0278,OBL0278,Company 278,San Francisco,UK,74483,5222,SIC,3,551203687,NYSE,TICK278
CUST0279,OBL0279,OBL0279,Company 279,Chicago,Canada,88351,3361,NAICS,2,419101822,NASDAQ,TICK279
CUST0280,OBL0280,OBL0280,Company 280,San Francisco,Germany,77824,3254,SIC,4,557505173,Euronext,TICK280
CUST0281,OBL0281,OBL0281,Company 281,Seattle,UK,12937,3361,NAICS,3,967866451,NYSE,TICK281
CUST0282,OBL0282,OBL0282,Company 282,San Francisco,France,96976,4234,SIC,3,591698818,Euronext,TICK282
CUST0283,OBL0283,OBL0283,Company 283,Houston,France,39368,3361,SIC,3,593431081,LSE,TICK283
CUST0284,OBL0284,OBL0284,Company 284,Chicago,France,33043,6244,NAICS,1,491677191,LSE,TICK284
CUST0285,OBL0285,OBL0285,Company 285,Los Angeles,France,82427,3254,SIC,2,524025691,TSX,TICK285
CUST0286,OBL0286,OBL0286,Company 286,Boston,France,33221,6113,NAICS,2,619290692,Euronext,TICK286
CUST0287,OBL0287,OBL0287,Company 287,Los Angeles,France,97936,5415,SIC,2,132113365,LSE,TICK287
CUST0288,OBL0288,OBL0288,Company 288,Boston,France,15779,3254,NAICS,1,763695835,LSE,TICK288
CUST0289,OBL0289,OBL0289,Company 289,New York,France,11995,6244,NAICS,2,685000789,NYSE,TICK289
CUST0290,OBL0290,OBL0290,Company 290,San Francisco,UK,13465,5411,NAICS,1,410598939,NASDAQ,TICK290
CUST0291,OBL0291,OBL0291,Company 291,New York,UK,77206,5415,NAICS,3,292943267,NASDAQ,TICK291
CUST0292,OBL0292,OBL0292,Company 292,San Francisco,Canada,90022,5415,SIC,3,570330045,TSX,TICK292
CUST0293,OBL0293,OBL0293,Company 293,Seattle,UK,89987,3254,SIC,1,536513749,NASDAQ,TICK293
CUST0294,OBL0294,OBL0294,Company 294,Boston,Canada,58903,3361,NAICS,2,490061675,LSE,TICK294
CUST0295,OBL0295,OBL0295,Company 295,New York,France,86530,6244,NAICS,4,961239994,Euronext,TICK295
CUST0296,OBL0296,OBL0296,Company 296,San Francisco,Canada,24212,6113,NAICS,5,647129849,NYSE,TICK296
CUST0297,OBL0297,OBL0297,Company 297,Miami,Germany,17811,6113,NAICS,1,106182917,LSE,TICK297
CUST0298,OBL0298,OBL0298,Company 298,Los Angeles,Canada,11175,4234,NAICS,1,748285627,TSX,TICK298
CUST0299,OBL0299,OBL0299,Company 299,San Francisco,Germany,78525,3254,SIC,4,155638493,NASDAQ,TICK299
CUST0300,OBL0300,OBL0300,Company 300,Miami,USA,33315,6113,NAICS,1,893312444,NASDAQ,TICK300
CUST0301,OBL0301,OBL0301,Company 301,Houston,USA,59418,4234,SIC,3,771546362,LSE,TICK301
CUST0302,OBL0302,OBL0302,Company 302,Boston,USA,93428,5415,NAICS,4,517546070,NYSE,TICK302
CUST0303,OBL0303,OBL0303,Company 303,Chicago,UK,55771,5415,NAICS,2,272773461,TSX,TICK303
CUST0304,OBL0304,OBL0304,Company 304,San Francisco,Germany,89717,3254,SIC,5,909938581,NYSE,TICK304
CUST0305,OBL0305,OBL0305,Company 305,Chicago,France,78754,3254,SIC,3,766663396,NASDAQ,TICK305
CUST0306,OBL0306,OBL0306,Company 306,Los Angeles,Germany,78353,4234,SIC,2,146775222,TSX,TICK306
CUST0307,OBL0307,OBL0307,Company 307,Boston,USA,50610,5411,SIC,2,115400566,Euronext,TICK307
CUST0308,OBL0308,OBL0308,Company 308,New York,France,66471,6244,NAICS,4,840540950,NASDAQ,TICK308
CUST0309,OBL0309,OBL0309,Company 309,San Francisco,France,52438,6113,NAICS,4,418530929,LSE,TICK309
CUST0310,OBL0310,OBL0310,Company 310,Boston,France,42213,6244,SIC,4,841955927,Euronext,TICK310
CUST0311,OBL0311,OBL0311,Company 311,Los Angeles,Germany,62177,3254,SIC,1,532674163,LSE,TICK311
CUST0312,OBL0312,OBL0312,Company 312,San Francisco,France,79208,5411,SIC,5,824136433,Euronext,TICK312
CUST0313,OBL0313,OBL0313,Company 313,Los Angeles,Canada,69477,5411,NAICS,5,243646396,Euronext,TICK313
CUST0314,OBL0314,OBL0314,Company 314,Los Angeles,France,22211,3361,SIC,3,357339854,LSE,TICK314
CUST0315,OBL0315,OBL0315,Company 315,Los Angeles,USA,64798,5222,SIC,5,899500279,Euronext,TICK315
CUST0316,OBL0316,OBL0316,Company 316,Seattle,Canada,40961,6244,NAICS,5,200270673,NASDAQ,TICK316
CUST0317,OBL0317,OBL0317,Company 317,Los Angeles,Germany,99202,5415,SIC,1,194395925,Euronext,TICK317
CUST0318,OBL0318,OBL0318,Company 318,Miami,Canada,74866,5411,SIC,4,641613087,NASDAQ,TICK318
CUST0319,OBL0319,OBL0319,Company 319,New York,USA,21958,5222,SIC,5,263166886,Euronext,TICK319
CUST0320,OBL0320,OBL0320,Company 320,Chicago,Germany,56117,5415,NAICS,4,438239946,Euronext,TICK320
CUST0321,OBL0321,OBL0321,Company 321,Boston,France,90424,5222,NAICS,3,544954888,NYSE,TICK321
CUST0322,OBL0322,OBL0322,Company 322,Los Angeles,UK,21433,5411,NAICS,5,948977619,TSX,TICK322
CUST0323,OBL0323,OBL0323,Company 323,Seattle,Germany,30216,6244,NAICS,2,751305219,NYSE,TICK323
CUST0324,OBL0324,OBL0324,Company 324,Los Angeles,UK,53898,6113,NAICS,2,203903715,NASDAQ,TICK324
CUST0325,OBL0325,OBL0325,Company 325,New York,France,18196,3254,SIC,2,488757300,LSE,TICK325
CUST0326,OBL0326,OBL0326,Company 326,Los Angeles,UK,51429,6113,SIC,5,334470858,LSE,TICK326
CUST0327,OBL0327,OBL0327,Company 327,Miami,Germany,48403,6113,NAICS,3,401535676,NYSE,TICK327
CUST0328,OBL0328,OBL0328,Company 328,New York,UK,48220,3254,NAICS,4,168840502,LSE,TICK328
CUST0329,OBL0329,OBL0329,Company 329,Houston,USA,39650,6113,NAICS,1,862085519,TSX,TICK329
CUST0330,OBL0330,OBL0330,Company 330,Boston,France,27037,6244,SIC,4,345777643,LSE,TICK330
CUST0331,OBL0331,OBL0331,Company 331,Chicago,France,86816,4234,SIC,1,306854511,NASDAQ,TICK331
CUST0332,OBL0332,OBL0332,Company 332,Houston,Canada,12007,6244,SIC,1,446798203,Euronext,TICK332
CUST0333,OBL0333,OBL0333,Company 333,Seattle,France,82861,6244,SIC,4,332101571,NYSE,TICK333
CUST0334,OBL0334,OBL0334,Company 334,Los Angeles,Germany,88981,5415,NAICS,4,127072963,LSE,TICK334
CUST0335,OBL0335,OBL0335,Company 335,Los Angeles,Germany,47676,4234,NAICS,1,862610271,NYSE,TICK335
CUST0336,OBL0336,OBL0336,Company 336,San Francisco,USA,56197,5222,SIC,5,928872445,Euronext,TICK336
CUST0337,OBL0337,OBL0337,Company 337,Boston,UK,60468,6113,NAICS,4,581068234,TSX,TICK337
CUST0338,OBL0338,OBL0338,Company 338,Houston,France,70962,3254,NAICS,2,763408225,TSX,TICK338
CUST0339,OBL0339,OBL0339,Company 339,Houston,France,61685,6244,SIC,2,844744670,TSX,TICK339
CUST0340,OBL0340,OBL0340,Company 340,Seattle,UK,96589,3254,SIC,4,871389180,Euronext,TICK340
CUST0341,OBL0341,OBL0341,Company 341,Los Angeles,USA,65141,5222,NAICS,5,660242357,LSE,TICK341
CUST0342,OBL0342,OBL0342,Company 342,Boston,Germany,44725,6244,SIC,5,660536671,Euronext,TICK342
CUST0343,OBL0343,OBL0343,Company 343,Chicago,Germany,89311,4234,NAICS,5,339964511,Euronext,TICK343
CUST0344,OBL0344,OBL0344,Company 344,Los Angeles,UK,99960,3361,NAICS,4,266542098,Euronext,TICK344
CUST0345,OBL0345,OBL0345,Company 345,Los Angeles,Germany,38686,3361,SIC,4,160737405,NYSE,TICK345
CUST0346,OBL0346,OBL0346,Company 346,Chicago,Germany,63340,5411,SIC,3,613679593,TSX,TICK346
CUST0347,OBL0347,OBL0347,Company 347,San Francisco,UK,16317,6113,NAICS,3,608469379,TSX,TICK347
CUST0348,OBL0348,OBL0348,Company 348,Chicago,UK,10072,3361,NAICS,2,610244407,LSE,TICK348
CUST0349,OBL0349,OBL0349,Company 349,Miami,Germany,40557,4234,SIC,5,412206424,TSX,TICK349
CUST0350,OBL0350,OBL0350,Company 350,New York,Canada,31980,5415,NAICS,2,847837331,NYSE,TICK350
CUST0351,OBL0351,OBL0351,Company 351,Houston,USA,41971,3254,NAICS,2,265128602,LSE,TICK351
CUST0352,OBL0352,OBL0352,Company 352,Chicago,France,47431,5222,NAICS,4,177281602,TSX,TICK352
CUST0353,OBL0353,OBL0353,Company 353,New York,France,40841,5222,NAICS,2,566519622,NYSE,TICK353
CUST0354,OBL0354,OBL0354,Company 354,San Francisco,Canada,12410,6113,NAICS,5,851388342,TSX,TICK354
CUST0355,OBL0355,OBL0355,Company 355,Boston,Germany,10727,4234,SIC,3,140746103,NYSE,TICK355
CUST0356,OBL0356,OBL0356,Company 356,Miami,USA,26561,3361,NAICS,5,523254573,LSE,TICK356
CUST0357,OBL0357,OBL0357,Company 357,Los Angeles,USA,77322,5222,NAICS,2,545078718,NYSE,TICK357
CUST0358,OBL0358,OBL0358,Company 358,Chicago,Germany,12590,3361,NAICS,4,662547062,TSX,TICK358
CUST0359,OBL0359,OBL0359,Company 359,Los Angeles,France,44265,3254,NAICS,5,145316787,LSE,TICK359
CUST0360,OBL0360,OBL0360,Company 360,San Francisco,UK,27116,5411,NAICS,3,551065702,LSE,TICK360
CUST0361,OBL0361,OBL0361,Company 361,Houston,UK,85716,3361,SIC,3,760882005,Euronext,TICK361
CUST0362,OBL0362,OBL0362,Company 362,New York,Canada,77652,3254,SIC,1,224306076,NYSE,TICK362
CUST0363,OBL0363,OBL0363,Company 363,Miami,Germany,19884,5415,NAICS,3,493357004,TSX,TICK363
CUST0364,OBL0364,OBL0364,Company 364,Miami,Germany,21675,6244,SIC,5,201225858,TSX,TICK364
CUST0365,OBL0365,OBL0365,Company 365,Los Angeles,Germany,38802,4234,NAICS,1,771017385,NYSE,TICK365
CUST0366,OBL0366,OBL0366,Company 366,Seattle,UK,64419,3254,NAICS,2,857836852,TSX,TICK366
CUST0367,OBL0367,OBL0367,Company 367,Houston,France,88793,5222,SIC,5,948194008,NASDAQ,TICK367
CUST0368,OBL0368,OBL0368,Company 368,Boston,Germany,57158,5415,SIC,5,352507708,NASDAQ,TICK368
CUST0369,OBL0369,OBL0369,Company 369,New York,Canada,20837,3254,SIC,5,643858334,NYSE,TICK369
CUST0370,OBL0370,OBL0370,Company 370,Chicago,UK,58217,6113,SIC,5,330172963,LSE,TICK370
CUST0371,OBL0371,OBL0371,Company 371,Houston,UK,86883,5222,SIC,5,253959389,TSX,TICK371
CUST0372,OBL0372,OBL0372,Company 372,Los Angeles,USA,16092,5222,SIC,2,666702528,NASDAQ,TICK372
CUST0373,OBL0373,OBL0373,Company 373,New York,Germany,17564,3254,SIC,5,931287029,NASDAQ,TICK373
CUST0374,OBL0374,OBL0374,Company 374,Houston,Germany,76363,4234,NAICS,3,888674401,LSE,TICK374
CUST0375,OBL0375,OBL0375,Company 375,Boston,USA,40916,3254,SIC,5,711422168,NASDAQ,TICK375
CUST0376,OBL0376,OBL0376,Company 376,Los Angeles,France,57290,3361,NAICS,1,379221759,NYSE,TICK376
CUST0377,OBL0377,OBL0377,Company 377,Chicago,USA,67919,3361,SIC,3,817015704,NYSE,TICK377
CUST0378,OBL0378,OBL0378,Company 378,Seattle,France,38451,6244,SIC,5,956457072,LSE,TICK378
CUST0379,OBL0379,OBL0379,Company 379,Los Angeles,France,94137,6113,NAICS,2,663770918,TSX,TICK379
CUST0380,OBL0380,OBL0380,Company 380,Chicago,France,56397,3254,SIC,1,584834453,NASDAQ,TICK380
CUST0381,OBL0381,OBL0381,Company 381,Houston,Germany,59285,3254,SIC,3,453741372,NASDAQ,TICK381
CUST0382,OBL0382,OBL0382,Company 382,New York,USA,14803,4234,SIC,4,906854421,Euronext,TICK382
CUST0383,OBL0383,OBL0383,Company 383,Miami,UK,44044,6113,SIC,2,824219622,LSE,TICK383
CUST0384,OBL0384,OBL0384,Company 384,Houston,France,72575,5411,NAICS,2,564257829,TSX,TICK384
CUST0385,OBL0385,OBL0385,Company 385,Seattle,France,24300,4234,SIC,2,211864250,NASDAQ,TICK385
CUST0386,OBL0386,OBL0386,Company 386,Miami,UK,83917,5411,SIC,3,603816788,LSE,TICK386
CUST0387,OBL0387,OBL0387,Company 387,Chicago,France,58957,6244,SIC,1,348790427,LSE,TICK387
CUST0388,OBL0388,OBL0388,Company 388,Chicago,Germany,57027,4234,NAICS,3,737942981,NYSE,TICK388
CUST0389,OBL0389,OBL0389,Company 389,Houston,France,82198,5222,SIC,4,420462673,Euronext,TICK389
CUST0390,OBL0390,OBL0390,Company 390,Boston,UK,93579,6244,SIC,4,907510116,LSE,TICK390
CUST0391,OBL0391,OBL0391,Company 391,Houston,France,72275,5411,SIC,4,987762563,Euronext,TICK391
CUST0392,OBL0392,OBL0392,Company 392,Seattle,Canada,69029,3254,SIC,2,435553593,NYSE,TICK392
CUST0393,OBL0393,OBL0393,Company 393,Chicago,UK,93036,5415,NAICS,4,753679252,NASDAQ,TICK393
CUST0394,OBL0394,OBL0394,Company 394,Houston,Germany,51940,5415,NAICS,3,537928306,TSX,TICK394
CUST0395,OBL0395,OBL0395,Company 395,San Francisco,Germany,83278,5222,NAICS,3,503621769,TSX,TICK395
CUST0396,OBL0396,OBL0396,Company 396,New York,France,80137,3254,NAICS,2,956715214,NASDAQ,TICK396
CUST0397,OBL0397,OBL0397,Company 397,San Francisco,Canada,87187,5415,NAICS,1,553954001,TSX,TICK397
CUST0398,OBL0398,OBL0398,Company 398,Chicago,UK,10379,5415,NAICS,3,551764747,NASDAQ,TICK398
CUST0399,OBL0399,OBL0399,Company 399,Chicago,USA,77975,5415,NAICS,1,243831203,NYSE,TICK399
CUST0400,OBL0400,OBL0400,Company 400,Seattle,Germany,50629,5415,SIC,3,928138767,NASDAQ,TICK400
CUST0401,OBL0401,OBL0401,Company 401,San Francisco,Germany,75723,3361,SIC,2,639323599,NYSE,TICK401
CUST0402,OBL0402,OBL0402,Company 402,Chicago,Germany,53251,3254,NAICS,2,880427439,TSX,TICK402
CUST0403,OBL0403,OBL0403,Company 403,Chicago,Canada,80365,5415,NAICS,5,426077648,Euronext,TICK403
CUST0404,OBL0404,OBL0404,Company 404,Houston,UK,30972,5222,SIC,1,178938476,TSX,TICK404
CUST0405,OBL0405,OBL0405,Company 405,Boston,Canada,40284,5222,SIC,3,205223562,TSX,TICK405
CUST0406,OBL0406,OBL0406,Company 406,Miami,France,28627,3361,SIC,2,293682394,TSX,TICK406
CUST0407,OBL0407,OBL0407,Company 407,Chicago,USA,16295,3254,NAICS,4,226411304,TSX,TICK407
CUST0408,OBL0408,OBL0408,Company 408,Chicago,Canada,86298,5411,SIC,3,259747758,NYSE,TICK408
CUST0409,OBL0409,OBL0409,Company 409,San Francisco,Canada,45682,3254,NAICS,4,453999529,Euronext,TICK409
CUST0410,OBL0410,OBL0410,Company 410,New York,France,54149,5411,SIC,3,298094216,LSE,TICK410
CUST0411,OBL0411,OBL0411,Company 411,San Francisco,UK,66340,5415,SIC,1,314790328,LSE,TICK411
CUST0412,OBL0412,OBL0412,Company 412,New York,UK,34016,3254,NAICS,3,237482881,Euronext,TICK412
CUST0413,OBL0413,OBL0413,Company 413,Los Angeles,USA,68798,3361,NAICS,2,541256739,NASDAQ,TICK413
CUST0414,OBL0414,OBL0414,Company 414,Los Angeles,France,95214,5222,NAICS,5,328842792,TSX,TICK414
CUST0415,OBL0415,OBL0415,Company 415,New York,UK,97981,5415,NAICS,5,211818736,Euronext,TICK415
CUST0416,OBL0416,OBL0416,Company 416,Miami,France,60625,4234,NAICS,4,208375554,LSE,TICK416
CUST0417,OBL0417,OBL0417,Company 417,Seattle,Germany,14623,5411,SIC,1,721179172,NASDAQ,TICK417
CUST0418,OBL0418,OBL0418,Company 418,Miami,Germany,46254,6113,SIC,2,211458218,NASDAQ,TICK418
CUST0419,OBL0419,OBL0419,Company 419,San Francisco,UK,44759,5415,SIC,2,719868437,NASDAQ,TICK419
CUST0420,OBL0420,OBL0420,Company 420,Chicago,Germany,26419,5411,SIC,4,941162753,Euronext,TICK420
CUST0421,OBL0421,OBL0421,Company 421,San Francisco,Canada,28775,4234,SIC,1,772784012,NYSE,TICK421
CUST0422,OBL0422,OBL0422,Company 422,Chicago,Canada,53355,4234,NAICS,2,387343702,LSE,TICK422
CUST0423,OBL0423,OBL0423,Company 423,San Francisco,UK,34465,6113,SIC,1,217379743,TSX,TICK423
CUST0424,OBL0424,OBL0424,Company 424,Boston,UK,44525,5222,NAICS,4,682744894,Euronext,TICK424
CUST0425,OBL0425,OBL0425,Company 425,Seattle,Germany,63654,5415,NAICS,4,276368182,Euronext,TICK425
CUST0426,OBL0426,OBL0426,Company 426,New York,UK,58951,5222,NAICS,1,721511181,TSX,TICK426
CUST0427,OBL0427,OBL0427,Company 427,New York,France,79720,5415,SIC,1,500740261,NYSE,TICK427
CUST0428,OBL0428,OBL0428,Company 428,Boston,USA,95714,6244,NAICS,3,320288924,NASDAQ,TICK428
CUST0429,OBL0429,OBL0429,Company 429,Los Angeles,UK,14657,5411,SIC,1,526879068,LSE,TICK429
CUST0430,OBL0430,OBL0430,Company 430,Los Angeles,USA,43658,4234,SIC,2,474587565,Euronext,TICK430
CUST0431,OBL0431,OBL0431,Company 431,San Francisco,UK,78937,6244,SIC,1,714292781,NYSE,TICK431
CUST0432,OBL0432,OBL0432,Company 432,Chicago,UK,36281,5415,SIC,1,895634585,NASDAQ,TICK432
CUST0433,OBL0433,OBL0433,Company 433,Miami,Canada,86734,5415,SIC,3,425934083,NYSE,TICK433
CUST0434,OBL0434,OBL0434,Company 434,Seattle,USA,94425,3254,NAICS,3,987446443,LSE,TICK434
CUST0435,OBL0435,OBL0435,Company 435,San Francisco,UK,37636,3254,SIC,4,397142059,TSX,TICK435
CUST0436,OBL0436,OBL0436,Company 436,Chicago,UK,44595,3361,NAICS,1,733618463,TSX,TICK436
CUST0437,OBL0437,OBL0437,Company 437,Boston,France,67225,6113,SIC,1,891076179,LSE,TICK437
CUST0438,OBL0438,OBL0438,Company 438,Miami,Canada,67961,5222,NAICS,2,354021747,TSX,TICK438
CUST0439,OBL0439,OBL0439,Company 439,New York,Germany,11999,6244,NAICS,1,191555252,LSE,TICK439
CUST0440,OBL0440,OBL0440,Company 440,Los Angeles,UK,61655,5415,SIC,4,174700857,NYSE,TICK440
CUST0441,OBL0441,OBL0441,Company 441,New York,Canada,16835,3361,NAICS,3,710589053,NYSE,TICK441
CUST0442,OBL0442,OBL0442,Company 442,Miami,USA,26001,6244,SIC,4,511239194,TSX,TICK442
CUST0443,OBL0443,OBL0443,Company 443,Seattle,USA,95702,5415,SIC,4,352033003,LSE,TICK443
CUST0444,OBL0444,OBL0444,Company 444,Los Angeles,USA,51333,3254,NAICS,3,881803970,Euronext,TICK444
CUST0445,OBL0445,OBL0445,Company 445,San Francisco,USA,21143,5222,NAICS,2,196485693,NASDAQ,TICK445
CUST0446,OBL0446,OBL0446,Company 446,Houston,USA,83636,5222,NAICS,3,235866824,Euronext,TICK446
CUST0447,OBL0447,OBL0447,Company 447,Houston,France,96188,6113,NAICS,5,455204255,Euronext,TICK447
CUST0448,OBL0448,OBL0448,Company 448,New York,USA,89354,6244,NAICS,2,143537827,LSE,TICK448
CUST0449,OBL0449,OBL0449,Company 449,Houston,UK,32997,6244,SIC,2,503401365,NYSE,TICK449
CUST0450,OBL0450,OBL0450,Company 450,Houston,Canada,93596,3254,NAICS,5,353842673,NASDAQ,TICK450
CUST0451,OBL0451,OBL0451,Company 451,Los Angeles,France,68298,3254,NAICS,1,213831083,Euronext,TICK451
CUST0452,OBL0452,OBL0452,Company 452,Boston,France,50575,3361,NAICS,5,819293943,NYSE,TICK452
CUST0453,OBL0453,OBL0453,Company 453,Seattle,France,57521,5222,NAICS,3,302056072,LSE,TICK453
CUST0454,OBL0454,OBL0454,Company 454,Chicago,Germany,90769,5415,NAICS,1,745086813,NYSE,TICK454
CUST0455,OBL0455,OBL0455,Company 455,Boston,Germany,26969,6244,SIC,2,110954089,NYSE,TICK455
CUST0456,OBL0456,OBL0456,Company 456,Los Angeles,France,26728,5222,SIC,5,866665232,TSX,TICK456
CUST0457,OBL0457,OBL0457,Company 457,Boston,Germany,33497,3361,SIC,3,130101550,TSX,TICK457
CUST0458,OBL0458,OBL0458,Company 458,Los Angeles,Germany,32704,5415,SIC,1,452145304,NASDAQ,TICK458
CUST0459,OBL0459,OBL0459,Company 459,New York,USA,85374,3361,SIC,2,985996050,NASDAQ,TICK459
CUST0460,OBL0460,OBL0460,Company 460,Miami,Canada,74291,4234,SIC,3,164541200,TSX,TICK460
CUST0461,OBL0461,OBL0461,Company 461,Miami,Germany,12412,4234,SIC,1,902002982,NASDAQ,TICK461
CUST0462,OBL0462,OBL0462,Company 462,Boston,France,42916,6244,NAICS,3,721411037,NYSE,TICK462
CUST0463,OBL0463,OBL0463,Company 463,Los Angeles,Germany,80265,4234,NAICS,2,226259381,Euronext,TICK463
CUST0464,OBL0464,OBL0464,Company 464,Seattle,Germany,87749,4234,NAICS,1,877227586,NYSE,TICK464
CUST0465,OBL0465,OBL0465,Company 465,San Francisco,UK,98832,4234,SIC,1,728125835,TSX,TICK465
CUST0466,OBL0466,OBL0466,Company 466,Chicago,France,61440,3254,SIC,2,509609361,NASDAQ,TICK466
CUST0467,OBL0467,OBL0467,Company 467,Houston,USA,73848,5415,NAICS,2,176486515,NASDAQ,TICK467
CUST0468,OBL0468,OBL0468,Company 468,Chicago,France,50180,6244,NAICS,3,101867942,TSX,TICK468
CUST0469,OBL0469,OBL0469,Company 469,Boston,France,16933,5411,SIC,3,562832363,TSX,TICK469
CUST0470,OBL0470,OBL0470,Company 470,Los Angeles,UK,26323,4234,NAICS,2,343338198,NYSE,TICK470
CUST0471,OBL0471,OBL0471,Company 471,Los Angeles,France,43709,3254,SIC,1,870744936,NASDAQ,TICK471
CUST0472,OBL0472,OBL0472,Company 472,Houston,Canada,94373,4234,SIC,1,431852318,LSE,TICK472
CUST0473,OBL0473,OBL0473,Company 473,Boston,Germany,56386,5415,NAICS,5,974695721,NASDAQ,TICK473
CUST0474,OBL0474,OBL0474,Company 474,Seattle,Germany,95559,5411,NAICS,5,884401874,Euronext,TICK474
CUST0475,OBL0475,OBL0475,Company 475,San Francisco,France,12098,3361,NAICS,1,882117562,NASDAQ,TICK475
CUST0476,OBL0476,OBL0476,Company 476,San Francisco,UK,74741,5415,NAICS,1,366850637,Euronext,TICK476
CUST0477,OBL0477,OBL0477,Company 477,San Francisco,France,15932,5415,SIC,2,558778909,LSE,TICK477
CUST0478,OBL0478,OBL0478,Company 478,New York,Germany,31522,6244,NAICS,1,858315495,TSX,TICK478
CUST0479,OBL0479,OBL0479,Company 479,New York,USA,66144,5411,NAICS,5,138799342,NYSE,TICK479
CUST0480,OBL0480,OBL0480,Company 480,Seattle,UK,74044,5411,NAICS,3,540168701,Euronext,TICK480
CUST0481,OBL0481,OBL0481,Company 481,Los Angeles,USA,65076,3361,SIC,2,172621437,NASDAQ,TICK481
CUST0482,OBL0482,OBL0482,Company 482,Miami,USA,68340,5222,NAICS,5,899813720,Euronext,TICK482
CUST0483,OBL0483,OBL0483,Company 483,San Francisco,France,26171,4234,NAICS,3,231067298,TSX,TICK483
CUST0484,OBL0484,OBL0484,Company 484,Houston,UK,88033,3361,NAICS,3,849864662,TSX,TICK484
CUST0485,OBL0485,OBL0485,Company 485,San Francisco,France,12813,5411,NAICS,5,479549683,LSE,TICK485
CUST0486,OBL0486,OBL0486,Company 486,Miami,USA,94644,3361,SIC,3,978923397,NYSE,TICK486
CUST0487,OBL0487,OBL0487,Company 487,Chicago,USA,62747,5415,SIC,3,501521286,Euronext,TICK487
CUST0488,OBL0488,OBL0488,Company 488,Chicago,Germany,95244,5411,SIC,2,890179518,LSE,TICK488
CUST0489,OBL0489,OBL0489,Company 489,Los Angeles,France,89967,3254,NAICS,5,782056439,NYSE,TICK489
CUST0490,OBL0490,OBL0490,Company 490,Houston,Canada,95678,6113,NAICS,3,949614505,LSE,TICK490
CUST0491,OBL0491,OBL0491,Company 491,San Francisco,USA,88876,5222,SIC,5,212756522,TSX,TICK491
CUST0492,OBL0492,OBL0492,Company 492,Chicago,Canada,59899,3361,NAICS,1,251456205,Euronext,TICK492
CUST0493,OBL0493,OBL0493,Company 493,Chicago,Canada,11279,6244,NAICS,4,555321385,TSX,TICK493
CUST0494,OBL0494,OBL0494,Company 494,Chicago,USA,72168,6244,NAICS,1,845686904,NASDAQ,TICK494
CUST0495,OBL0495,OBL0495,Company 495,Seattle,Canada,96837,3254,SIC,1,785735791,NASDAQ,TICK495
CUST0496,OBL0496,OBL0496,Company 496,Miami,France,98306,5415,SIC,2,850696837,LSE,TICK496
CUST0497,OBL0497,OBL0497,Company 497,Houston,France,65543,5411,SIC,4,135106355,Euronext,TICK497
CUST0498,OBL0498,OBL0498,Company 498,San Francisco,Canada,40838,3254,SIC,3,837708208,NYSE,TICK498
CUST0499,OBL0499,OBL0499,Company 499,New York,France,36501,4234,NAICS,2,725106239,TSX,TICK499
CUST0500,OBL0500,OBL0500,Company 500,Miami,Canada,71906,3254,SIC,3,346836500,Euronext,TICK500
CUST0501,OBL0501,OBL0501,Company 501,Miami,Canada,20919,6113,NAICS,3,487827814,TSX,TICK501
CUST0502,OBL0502,OBL0502,Company 502,San Francisco,Germany,28534,6113,SIC,4,526489704,NYSE,TICK502
CUST0503,OBL0503,OBL0503,Company 503,Chicago,UK,89189,6244,SIC,5,297969143,TSX,TICK503
CUST0504,OBL0504,OBL0504,Company 504,Houston,UK,58625,6113,SIC,2,145988461,NYSE,TICK504
CUST0505,OBL0505,OBL0505,Company 505,New York,Germany,98682,3254,NAICS,2,585058848,Euronext,TICK505
CUST0506,OBL0506,OBL0506,Company 506,Seattle,France,39964,5222,NAICS,1,665346557,NASDAQ,TICK506
CUST0507,OBL0507,OBL0507,Company 507,Chicago,USA,33507,3361,NAICS,1,736933765,NYSE,TICK507
CUST0508,OBL0508,OBL0508,Company 508,San Francisco,UK,64961,3254,SIC,1,828240484,LSE,TICK508
CUST0509,OBL0509,OBL0509,Company 509,Houston,France,54860,6244,SIC,2,159103843,Euronext,TICK509
CUST0510,OBL0510,OBL0510,Company 510,Seattle,USA,92495,3361,SIC,2,155454156,TSX,TICK510
CUST0511,OBL0511,OBL0511,Company 511,Houston,France,26296,4234,NAICS,2,157887553,TSX,TICK511
CUST0512,OBL0512,OBL0512,Company 512,Los Angeles,Canada,70146,4234,SIC,3,818110445,LSE,TICK512
CUST0513,OBL0513,OBL0513,Company 513,Seattle,USA,44838,6113,NAICS,4,745672008,Euronext,TICK513
CUST0514,OBL0514,OBL0514,Company 514,Houston,Germany,25858,5222,NAICS,3,948444529,NYSE,TICK514
CUST0515,OBL0515,OBL0515,Company 515,Boston,USA,70671,6244,SIC,4,205561959,NYSE,TICK515
CUST0516,OBL0516,OBL0516,Company 516,Los Angeles,France,76418,3361,SIC,4,323355652,LSE,TICK516
CUST0517,OBL0517,OBL0517,Company 517,Los Angeles,France,16329,5415,SIC,4,477581753,Euronext,TICK517
CUST0518,OBL0518,OBL0518,Company 518,Miami,Germany,70451,3254,NAICS,5,504182780,TSX,TICK518
CUST0519,OBL0519,OBL0519,Company 519,Boston,Germany,16090,5411,NAICS,5,115661446,NYSE,TICK519
CUST0520,OBL0520,OBL0520,Company 520,Boston,France,82618,3254,SIC,3,130985609,NASDAQ,TICK520
CUST0521,OBL0521,OBL0521,Company 521,San Francisco,Germany,11218,4234,NAICS,1,316022662,TSX,TICK521
CUST0522,OBL0522,OBL0522,Company 522,Boston,Canada,28157,3361,SIC,3,269782655,TSX,TICK522
CUST0523,OBL0523,OBL0523,Company 523,Chicago,Germany,10828,5415,NAICS,4,908787528,TSX,TICK523
CUST0524,OBL0524,OBL0524,Company 524,San Francisco,Canada,60191,4234,NAICS,5,703660911,TSX,TICK524
CUST0525,OBL0525,OBL0525,Company 525,Chicago,Germany,32112,3254,NAICS,4,774662652,LSE,TICK525
CUST0526,OBL0526,OBL0526,Company 526,Boston,Canada,65863,5411,SIC,1,287409004,NYSE,TICK526
CUST0527,OBL0527,OBL0527,Company 527,Boston,Canada,42552,5222,NAICS,2,284512447,LSE,TICK527
CUST0528,OBL0528,OBL0528,Company 528,Boston,Canada,10195,5415,SIC,3,675395063,TSX,TICK528
CUST0529,OBL0529,OBL0529,Company 529,Seattle,Canada,25830,6244,SIC,2,440019234,LSE,TICK529
CUST0530,OBL0530,OBL0530,Company 530,Chicago,UK,37933,3361,SIC,2,141715792,NASDAQ,TICK530
CUST0531,OBL0531,OBL0531,Company 531,New York,UK,98974,4234,SIC,3,771066245,LSE,TICK531
CUST0532,OBL0532,OBL0532,Company 532,Seattle,USA,12434,4234,NAICS,5,559991285,TSX,TICK532
CUST0533,OBL0533,OBL0533,Company 533,Chicago,France,26450,6244,NAICS,2,713518774,NASDAQ,TICK533
CUST0534,OBL0534,OBL0534,Company 534,Boston,France,95343,4234,SIC,2,857866990,NYSE,TICK534
CUST0535,OBL0535,OBL0535,Company 535,Boston,France,54463,6113,NAICS,2,946784309,Euronext,TICK535
CUST0536,OBL0536,OBL0536,Company 536,Houston,UK,59681,6113,SIC,4,430898755,Euronext,TICK536
CUST0537,OBL0537,OBL0537,Company 537,Houston,USA,23152,6113,SIC,5,778123787,TSX,TICK537
CUST0538,OBL0538,OBL0538,Company 538,Boston,Germany,40332,6244,SIC,2,464010974,NYSE,TICK538
CUST0539,OBL0539,OBL0539,Company 539,Chicago,Germany,67343,5415,NAICS,2,294266918,TSX,TICK539
CUST0540,OBL0540,OBL0540,Company 540,San Francisco,USA,73781,4234,SIC,5,284487807,LSE,TICK540
CUST0541,OBL0541,OBL0541,Company 541,Boston,Canada,51232,3361,SIC,3,644252567,NYSE,TICK541
CUST0542,OBL0542,OBL0542,Company 542,New York,UK,47533,5222,NAICS,2,955909472,NYSE,TICK542
CUST0543,OBL0543,OBL0543,Company 543,Chicago,USA,83404,5415,NAICS,3,756717924,Euronext,TICK543
CUST0544,OBL0544,OBL0544,Company 544,Boston,Canada,73514,3254,SIC,2,765676014,NYSE,TICK544
CUST0545,OBL0545,OBL0545,Company 545,Boston,Canada,50355,4234,SIC,2,371573768,LSE,TICK545
CUST0546,OBL0546,OBL0546,Company 546,Chicago,USA,62226,5411,SIC,2,731984225,NASDAQ,TICK546
CUST0547,OBL0547,OBL0547,Company 547,San Francisco,France,29904,6244,SIC,2,653958590,TSX,TICK547
CUST0548,OBL0548,OBL0548,Company 548,Seattle,Canada,69823,6113,NAICS,2,696540337,NYSE,TICK548
CUST0549,OBL0549,OBL0549,Company 549,Miami,Canada,11458,4234,SIC,5,252038088,NYSE,TICK549
CUST0550,OBL0550,OBL0550,Company 550,Chicago,Canada,74984,6113,SIC,2,229433543,Euronext,TICK550
CUST0551,OBL0551,OBL0551,Company 551,Seattle,Canada,62539,6244,NAICS,1,695499603,NASDAQ,TICK551
CUST0552,OBL0552,OBL0552,Company 552,New York,France,32775,3254,NAICS,2,695913971,Euronext,TICK552
CUST0553,OBL0553,OBL0553,Company 553,Chicago,UK,96423,3254,NAICS,2,465117977,LSE,TICK553
CUST0554,OBL0554,OBL0554,Company 554,Houston,Germany,14727,6113,SIC,1,279113822,Euronext,TICK554
CUST0555,OBL0555,OBL0555,Company 555,Houston,France,70435,5411,SIC,5,472785630,TSX,TICK555
CUST0556,OBL0556,OBL0556,Company 556,Houston,Germany,32711,6113,SIC,5,168631499,LSE,TICK556
CUST0557,OBL0557,OBL0557,Company 557,Los Angeles,USA,58837,3254,SIC,2,579256174,LSE,TICK557
CUST0558,OBL0558,OBL0558,Company 558,Seattle,USA,69770,5415,NAICS,5,553825925,NYSE,TICK558
CUST0559,OBL0559,OBL0559,Company 559,Houston,Germany,92413,5415,NAICS,3,517567599,Euronext,TICK559
CUST0560,OBL0560,OBL0560,Company 560,Boston,USA,46952,6113,SIC,2,902060740,TSX,TICK560
CUST0561,OBL0561,OBL0561,Company 561,Houston,USA,93409,5411,NAICS,3,320388388,NYSE,TICK561
CUST0562,OBL0562,OBL0562,Company 562,Los Angeles,USA,12846,3254,SIC,1,370040173,NASDAQ,TICK562
CUST0563,OBL0563,OBL0563,Company 563,Miami,France,97348,5222,NAICS,1,760517664,LSE,TICK563
CUST0564,OBL0564,OBL0564,Company 564,San Francisco,Germany,21569,3254,SIC,4,585902183,NYSE,TICK564
CUST0565,OBL0565,OBL0565,Company 565,San Francisco,Canada,64496,5411,NAICS,4,208717932,TSX,TICK565
CUST0566,OBL0566,OBL0566,Company 566,Los Angeles,UK,43663,6244,NAICS,2,802000079,TSX,TICK566
CUST0567,OBL0567,OBL0567,Company 567,Seattle,Canada,34083,5222,SIC,4,470637709,NASDAQ,TICK567
CUST0568,OBL0568,OBL0568,Company 568,Seattle,Germany,67692,4234,NAICS,2,383445514,Euronext,TICK568
CUST0569,OBL0569,OBL0569,Company 569,Los Angeles,Canada,89877,4234,NAICS,2,498157379,NYSE,TICK569
CUST0570,OBL0570,OBL0570,Company 570,New York,France,90930,4234,NAICS,5,716067390,LSE,TICK570
CUST0571,OBL0571,OBL0571,Company 571,Boston,UK,56738,3254,NAICS,3,368888185,NASDAQ,TICK571
CUST0572,OBL0572,OBL0572,Company 572,New York,Canada,70225,3254,SIC,3,343999561,Euronext,TICK572
CUST0573,OBL0573,OBL0573,Company 573,San Francisco,UK,31836,6244,SIC,3,711665602,TSX,TICK573
CUST0574,OBL0574,OBL0574,Company 574,Los Angeles,USA,85535,5415,NAICS,3,922730495,TSX,TICK574
CUST0575,OBL0575,OBL0575,Company 575,Chicago,France,85049,3254,SIC,2,316791489,NASDAQ,TICK575
CUST0576,OBL0576,OBL0576,Company 576,New York,Canada,22368,6244,SIC,2,564592745,TSX,TICK576
CUST0577,OBL0577,OBL0577,Company 577,San Francisco,UK,41944,3254,SIC,2,988049313,NYSE,TICK577
CUST0578,OBL0578,OBL0578,Company 578,Los Angeles,Germany,48981,6244,SIC,1,822170659,NASDAQ,TICK578
CUST0579,OBL0579,OBL0579,Company 579,Chicago,UK,67302,3361,SIC,1,567090994,Euronext,TICK579
CUST0580,OBL0580,OBL0580,Company 580,Los Angeles,Canada,69138,3361,SIC,5,184393748,NASDAQ,TICK580
CUST0581,OBL0581,OBL0581,Company 581,New York,Germany,40225,5415,SIC,2,717051901,LSE,TICK581
CUST0582,OBL0582,OBL0582,Company 582,Houston,Canada,18848,4234,NAICS,4,400526053,NASDAQ,TICK582
CUST0583,OBL0583,OBL0583,Company 583,Chicago,UK,30156,6244,SIC,5,372407886,LSE,TICK583
CUST0584,OBL0584,OBL0584,Company 584,Seattle,Germany,42703,4234,NAICS,4,264850002,LSE,TICK584
CUST0585,OBL0585,OBL0585,Company 585,Seattle,Canada,91654,5411,SIC,1,390278216,TSX,TICK585
CUST0586,OBL0586,OBL0586,Company 586,Miami,UK,55397,3254,NAICS,4,151776586,NASDAQ,TICK586
CUST0587,OBL0587,OBL0587,Company 587,Los Angeles,UK,42439,3361,NAICS,2,577156186,Euronext,TICK587
CUST0588,OBL0588,OBL0588,Company 588,Houston,France,58295,5222,SIC,4,128630715,NASDAQ,TICK588
CUST0589,OBL0589,OBL0589,Company 589,San Francisco,USA,74841,5415,NAICS,3,119768850,NYSE,TICK589
CUST0590,OBL0590,OBL0590,Company 590,Chicago,UK,83661,5411,SIC,2,393301257,NYSE,TICK590
CUST0591,OBL0591,OBL0591,Company 591,New York,USA,62929,6244,NAICS,2,930322791,NYSE,TICK591
CUST0592,OBL0592,OBL0592,Company 592,New York,UK,40054,6244,NAICS,2,775680837,NYSE,TICK592
CUST0593,OBL0593,OBL0593,Company 593,Seattle,France,46449,5415,NAICS,1,757430215,TSX,TICK593
CUST0594,OBL0594,OBL0594,Company 594,Seattle,Canada,28247,5411,SIC,2,345319330,TSX,TICK594
CUST0595,OBL0595,OBL0595,Company 595,Houston,Canada,88742,3254,NAICS,1,621946324,LSE,TICK595
CUST0596,OBL0596,OBL0596,Company 596,Boston,France,79679,4234,NAICS,4,595437761,Euronext,TICK596
CUST0597,OBL0597,OBL0597,Company 597,Los Angeles,Canada,18397,3254,SIC,1,772928283,Euronext,TICK597
CUST0598,OBL0598,OBL0598,Company 598,Miami,Germany,76001,3361,NAICS,2,742431907,Euronext,TICK598
CUST0599,OBL0599,OBL0599,Company 599,New York,Canada,60185,3361,SIC,5,711097403,Euronext,TICK599
CUST0600,OBL0600,OBL0600,Company 600,Chicago,UK,90263,6113,SIC,4,857068421,NYSE,TICK600
CUST0601,OBL0601,OBL0601,Company 601,Boston,USA,82761,5415,NAICS,1,237023482,NYSE,TICK601
CUST0602,OBL0602,OBL0602,Company 602,New York,Germany,76017,5411,NAICS,1,406203494,TSX,TICK602
CUST0603,OBL0603,OBL0603,Company 603,Boston,France,44237,6244,NAICS,5,780473895,NASDAQ,TICK603
CUST0604,OBL0604,OBL0604,Company 604,Miami,France,93481,4234,SIC,4,550655507,NYSE,TICK604
CUST0605,OBL0605,OBL0605,Company 605,Seattle,Canada,59510,3254,NAICS,1,865770571,NASDAQ,TICK605
CUST0606,OBL0606,OBL0606,Company 606,Chicago,USA,45626,5411,SIC,3,439257633,LSE,TICK606
CUST0607,OBL0607,OBL0607,Company 607,New York,Germany,52426,3254,NAICS,5,401417768,TSX,TICK607
CUST0608,OBL0608,OBL0608,Company 608,Chicago,USA,46332,3254,SIC,4,669391114,LSE,TICK608
CUST0609,OBL0609,OBL0609,Company 609,New York,USA,61686,5411,SIC,1,927674036,Euronext,TICK609
CUST0610,OBL0610,OBL0610,Company 610,Seattle,France,56340,4234,SIC,5,647049900,TSX,TICK610
CUST0611,OBL0611,OBL0611,Company 611,Miami,Canada,27349,6244,NAICS,1,736484101,NASDAQ,TICK611
CUST0612,OBL0612,OBL0612,Company 612,San Francisco,USA,66595,5411,NAICS,3,101419939,TSX,TICK612
CUST0613,OBL0613,OBL0613,Company 613,Seattle,France,61793,5415,NAICS,2,140507987,NASDAQ,TICK613
CUST0614,OBL0614,OBL0614,Company 614,San Francisco,USA,53132,6244,NAICS,1,279057199,NYSE,TICK614
CUST0615,OBL0615,OBL0615,Company 615,Boston,USA,66506,6244,NAICS,1,225158318,Euronext,TICK615
CUST0616,OBL0616,OBL0616,Company 616,Chicago,France,95417,6113,SIC,1,367007020,Euronext,TICK616
CUST0617,OBL0617,OBL0617,Company 617,New York,Germany,81815,5411,NAICS,2,247336770,NASDAQ,TICK617
CUST0618,OBL0618,OBL0618,Company 618,Houston,France,61836,5222,SIC,2,109684843,TSX,TICK618
CUST0619,OBL0619,OBL0619,Company 619,Los Angeles,Canada,50872,5222,SIC,3,793383079,LSE,TICK619
CUST0620,OBL0620,OBL0620,Company 620,Chicago,France,98903,3361,NAICS,5,605124968,TSX,TICK620
CUST0621,OBL0621,OBL0621,Company 621,Seattle,UK,31358,4234,NAICS,3,737463976,LSE,TICK621
CUST0622,OBL0622,OBL0622,Company 622,Houston,France,72502,5222,NAICS,2,139159156,TSX,TICK622
CUST0623,OBL0623,OBL0623,Company 623,Boston,Canada,78459,6113,NAICS,1,461517801,Euronext,TICK623
CUST0624,OBL0624,OBL0624,Company 624,Los Angeles,USA,55495,6113,SIC,2,811893968,Euronext,TICK624
CUST0625,OBL0625,OBL0625,Company 625,San Francisco,Canada,61340,5222,NAICS,5,600350640,NASDAQ,TICK625
CUST0626,OBL0626,OBL0626,Company 626,Miami,France,51578,6113,SIC,2,930368788,Euronext,TICK626
CUST0627,OBL0627,OBL0627,Company 627,San Francisco,UK,41882,5411,NAICS,5,114758811,NYSE,TICK627
CUST0628,OBL0628,OBL0628,Company 628,Los Angeles,USA,74568,6244,NAICS,5,689301262,Euronext,TICK628
CUST0629,OBL0629,OBL0629,Company 629,Chicago,USA,42908,3361,NAICS,5,367218460,NYSE,TICK629
CUST0630,OBL0630,OBL0630,Company 630,Seattle,USA,72108,6244,SIC,4,154834248,NASDAQ,TICK630
CUST0631,OBL0631,OBL0631,Company 631,Seattle,USA,79576,5222,NAICS,1,978875875,LSE,TICK631
CUST0632,OBL0632,OBL0632,Company 632,Los Angeles,Canada,23248,3254,NAICS,3,133649177,Euronext,TICK632
CUST0633,OBL0633,OBL0633,Company 633,Houston,USA,63010,6244,NAICS,5,107535703,NYSE,TICK633
CUST0634,OBL0634,OBL0634,Company 634,Chicago,Canada,64786,3254,NAICS,3,749417573,NASDAQ,TICK634
CUST0635,OBL0635,OBL0635,Company 635,Boston,Canada,33115,3254,NAICS,4,723332141,NYSE,TICK635
CUST0636,OBL0636,OBL0636,Company 636,San Francisco,France,16513,6244,NAICS,1,617866454,NYSE,TICK636
CUST0637,OBL0637,OBL0637,Company 637,New York,Canada,51624,6244,NAICS,1,521603646,TSX,TICK637
CUST0638,OBL0638,OBL0638,Company 638,Chicago,Canada,68517,6244,NAICS,2,299546731,TSX,TICK638
CUST0639,OBL0639,OBL0639,Company 639,Seattle,France,73642,3254,SIC,5,429658052,NYSE,TICK639
CUST0640,OBL0640,OBL0640,Company 640,Boston,UK,62558,5222,SIC,5,928174793,TSX,TICK640
CUST0641,OBL0641,OBL0641,Company 641,Chicago,USA,21911,5222,SIC,2,456214713,NASDAQ,TICK641
CUST0642,OBL0642,OBL0642,Company 642,Los Angeles,France,44484,6113,SIC,3,278793608,NASDAQ,TICK642
CUST0643,OBL0643,OBL0643,Company 643,Boston,Canada,54278,3254,SIC,4,379959985,LSE,TICK643
CUST0644,OBL0644,OBL0644,Company 644,San Francisco,UK,80454,3254,NAICS,4,585607979,LSE,TICK644
CUST0645,OBL0645,OBL0645,Company 645,Los Angeles,UK,29658,3361,SIC,1,807528237,TSX,TICK645
CUST0646,OBL0646,OBL0646,Company 646,Miami,UK,38775,5222,NAICS,1,106103263,Euronext,TICK646
CUST0647,OBL0647,OBL0647,Company 647,New York,France,15280,5415,NAICS,1,112821456,NASDAQ,TICK647
CUST0648,OBL0648,OBL0648,Company 648,Los Angeles,Canada,80980,4234,NAICS,3,579742313,NYSE,TICK648
CUST0649,OBL0649,OBL0649,Company 649,San Francisco,Canada,90762,6244,SIC,1,818325690,NASDAQ,TICK649
CUST0650,OBL0650,OBL0650,Company 650,Seattle,UK,60931,5415,SIC,1,335587548,NASDAQ,TICK650
CUST0651,OBL0651,OBL0651,Company 651,Los Angeles,France,23289,5222,SIC,1,483184074,LSE,TICK651
CUST0652,OBL0652,OBL0652,Company 652,San Francisco,Canada,79247,3254,SIC,1,679849499,Euronext,TICK652
CUST0653,OBL0653,OBL0653,Company 653,San Francisco,UK,86982,5415,NAICS,3,444679989,Euronext,TICK653
CUST0654,OBL0654,OBL0654,Company 654,San Francisco,Canada,24965,3361,NAICS,1,929111926,Euronext,TICK654
CUST0655,OBL0655,OBL0655,Company 655,New York,USA,43444,6113,SIC,2,998833169,NASDAQ,TICK655
CUST0656,OBL0656,OBL0656,Company 656,Houston,Canada,50187,6113,SIC,1,340251912,NYSE,TICK656
CUST0657,OBL0657,OBL0657,Company 657,Los Angeles,UK,73842,5411,SIC,5,635739352,LSE,TICK657
CUST0658,OBL0658,OBL0658,Company 658,New York,Germany,65674,5411,SIC,5,581769129,NYSE,TICK658
CUST0659,OBL0659,OBL0659,Company 659,Miami,France,40913,5222,NAICS,2,930170825,TSX,TICK659
CUST0660,OBL0660,OBL0660,Company 660,Seattle,Germany,25935,3254,NAICS,5,617762263,NASDAQ,TICK660
CUST0661,OBL0661,OBL0661,Company 661,San Francisco,UK,30467,5415,NAICS,2,294709557,TSX,TICK661
CUST0662,OBL0662,OBL0662,Company 662,New York,USA,99888,4234,SIC,1,227672409,Euronext,TICK662
CUST0663,OBL0663,OBL0663,Company 663,Seattle,Canada,29018,3361,NAICS,5,954461703,TSX,TICK663
CUST0664,OBL0664,OBL0664,Company 664,Boston,Canada,40248,5222,NAICS,3,409155129,NASDAQ,TICK664
CUST0665,OBL0665,OBL0665,Company 665,Houston,USA,57470,3254,NAICS,1,496720991,NASDAQ,TICK665
CUST0666,OBL0666,OBL0666,Company 666,New York,Germany,52152,5415,SIC,1,309623977,Euronext,TICK666
CUST0667,OBL0667,OBL0667,Company 667,Los Angeles,Canada,76026,5415,SIC,2,887907790,TSX,TICK667
CUST0668,OBL0668,OBL0668,Company 668,Chicago,UK,24761,6113,NAICS,1,437847115,NYSE,TICK668
CUST0669,OBL0669,OBL0669,Company 669,Boston,Germany,65990,6113,SIC,2,511181316,LSE,TICK669
CUST0670,OBL0670,OBL0670,Company 670,Houston,UK,55059,6244,SIC,5,629592246,Euronext,TICK670
CUST0671,OBL0671,OBL0671,Company 671,Boston,UK,44067,5222,SIC,2,682086385,TSX,TICK671
CUST0672,OBL0672,OBL0672,Company 672,Houston,USA,45772,3254,SIC,4,462176505,NASDAQ,TICK672
CUST0673,OBL0673,OBL0673,Company 673,Miami,Canada,15094,5415,SIC,1,229376179,TSX,TICK673
CUST0674,OBL0674,OBL0674,Company 674,Miami,Germany,79383,5411,SIC,1,885989824,TSX,TICK674
CUST0675,OBL0675,OBL0675,Company 675,New York,Canada,70028,5415,NAICS,4,161983751,TSX,TICK675
CUST0676,OBL0676,OBL0676,Company 676,Los Angeles,France,34217,6113,NAICS,3,293223768,NASDAQ,TICK676
CUST0677,OBL0677,OBL0677,Company 677,Houston,UK,36209,3361,NAICS,1,282956981,NYSE,TICK677
CUST0678,OBL0678,OBL0678,Company 678,Houston,USA,99523,4234,SIC,4,993377829,TSX,TICK678
CUST0679,OBL0679,OBL0679,Company 679,New York,France,59286,5222,NAICS,2,781591588,NASDAQ,TICK679
CUST0680,OBL0680,OBL0680,Company 680,New York,Germany,15722,3361,SIC,2,595185025,Euronext,TICK680
CUST0681,OBL0681,OBL0681,Company 681,Boston,France,11642,4234,NAICS,3,370128529,NASDAQ,TICK681
CUST0682,OBL0682,OBL0682,Company 682,New York,Germany,74308,3361,NAICS,3,424671941,TSX,TICK682
CUST0683,OBL0683,OBL0683,Company 683,Miami,UK,17750,6113,SIC,2,110880021,Euronext,TICK683
CUST0684,OBL0684,OBL0684,Company 684,Boston,USA,83785,3361,SIC,5,348914510,Euronext,TICK684
CUST0685,OBL0685,OBL0685,Company 685,Chicago,Canada,69861,4234,SIC,1,253510905,NYSE,TICK685
CUST0686,OBL0686,OBL0686,Company 686,San Francisco,USA,45383,5411,NAICS,2,569234184,NASDAQ,TICK686
CUST0687,OBL0687,OBL0687,Company 687,Chicago,France,78047,3361,NAICS,5,268062765,TSX,TICK687
CUST0688,OBL0688,OBL0688,Company 688,Seattle,France,26004,6113,SIC,3,871758972,TSX,TICK688
CUST0689,OBL0689,OBL0689,Company 689,Houston,UK,58932,4234,SIC,2,855628760,NYSE,TICK689
CUST0690,OBL0690,OBL0690,Company 690,Los Angeles,France,94871,6113,SIC,3,973134599,TSX,TICK690
CUST0691,OBL0691,OBL0691,Company 691,Houston,Germany,10560,6113,SIC,3,717720381,NASDAQ,TICK691
CUST0692,OBL0692,OBL0692,Company 692,Boston,Germany,78792,6244,SIC,2,592178563,TSX,TICK692
CUST0693,OBL0693,OBL0693,Company 693,Seattle,France,73654,6244,NAICS,5,171117889,Euronext,TICK693
CUST0694,OBL0694,OBL0694,Company 694,Miami,France,56701,6113,SIC,1,741164254,NYSE,TICK694
CUST0695,OBL0695,OBL0695,Company 695,Chicago,USA,17102,5415,NAICS,4,527995729,LSE,TICK695
CUST0696,OBL0696,OBL0696,Company 696,Seattle,USA,92163,3254,NAICS,3,853749880,Euronext,TICK696
CUST0697,OBL0697,OBL0697,Company 697,Chicago,Canada,29107,6113,NAICS,1,152839994,Euronext,TICK697
CUST0698,OBL0698,OBL0698,Company 698,New York,USA,77831,6113,SIC,2,254103632,Euronext,TICK698
CUST0699,OBL0699,OBL0699,Company 699,Boston,UK,47111,5222,SIC,1,643402579,NYSE,TICK699
CUST0700,OBL0700,OBL0700,Company 700,Chicago,France,81541,6113,NAICS,3,426587569,LSE,TICK700
CUST0701,OBL0701,OBL0701,Company 701,Seattle,USA,12817,5222,NAICS,3,339902580,NYSE,TICK701
CUST0702,OBL0702,OBL0702,Company 702,Miami,USA,57317,5222,NAICS,4,486345025,NASDAQ,TICK702
CUST0703,OBL0703,OBL0703,Company 703,Miami,France,95063,4234,NAICS,4,308916434,TSX,TICK703
CUST0704,OBL0704,OBL0704,Company 704,Seattle,UK,94890,6244,NAICS,4,931943167,Euronext,TICK704
CUST0705,OBL0705,OBL0705,Company 705,Seattle,USA,49677,6113,NAICS,3,101728410,NASDAQ,TICK705
CUST0706,OBL0706,OBL0706,Company 706,Chicago,UK,34256,5222,NAICS,1,321446334,LSE,TICK706
CUST0707,OBL0707,OBL0707,Company 707,Boston,USA,47048,6244,SIC,4,504359749,Euronext,TICK707
CUST0708,OBL0708,OBL0708,Company 708,Los Angeles,USA,35111,4234,SIC,1,136181132,TSX,TICK708
CUST0709,OBL0709,OBL0709,Company 709,Boston,USA,62262,4234,NAICS,4,380484602,Euronext,TICK709
CUST0710,OBL0710,OBL0710,Company 710,Boston,France,73886,4234,NAICS,2,677999489,NASDAQ,TICK710
CUST0711,OBL0711,OBL0711,Company 711,Miami,UK,97639,5415,SIC,2,400622418,Euronext,TICK711
CUST0712,OBL0712,OBL0712,Company 712,Seattle,USA,91591,5411,SIC,2,726102206,LSE,TICK712
CUST0713,OBL0713,OBL0713,Company 713,Seattle,Canada,20570,5411,NAICS,3,295071376,Euronext,TICK713
CUST0714,OBL0714,OBL0714,Company 714,Miami,UK,68617,6244,SIC,5,488931038,NYSE,TICK714
CUST0715,OBL0715,OBL0715,Company 715,San Francisco,Canada,51404,5222,SIC,2,531034288,Euronext,TICK715
CUST0716,OBL0716,OBL0716,Company 716,Houston,Germany,54576,4234,NAICS,5,714847042,LSE,TICK716
CUST0717,OBL0717,OBL0717,Company 717,Houston,France,62140,6244,NAICS,1,844536330,LSE,TICK717
CUST0718,OBL0718,OBL0718,Company 718,Seattle,UK,81092,3361,NAICS,3,273139245,TSX,TICK718
CUST0719,OBL0719,OBL0719,Company 719,Miami,Canada,94156,4234,SIC,2,691162307,Euronext,TICK719
CUST0720,OBL0720,OBL0720,Company 720,Seattle,Germany,39342,5415,NAICS,2,490282688,Euronext,TICK720
CUST0721,OBL0721,OBL0721,Company 721,San Francisco,France,11050,5411,SIC,4,399688958,LSE,TICK721
CUST0722,OBL0722,OBL0722,Company 722,Chicago,France,95132,5222,NAICS,5,639027721,TSX,TICK722
CUST0723,OBL0723,OBL0723,Company 723,San Francisco,USA,41402,3254,SIC,3,546688513,NYSE,TICK723
CUST0724,OBL0724,OBL0724,Company 724,Los Angeles,USA,60272,5411,SIC,1,331407042,NYSE,TICK724
CUST0725,OBL0725,OBL0725,Company 725,Chicago,Germany,52001,4234,NAICS,1,402273812,LSE,TICK725
CUST0726,OBL0726,OBL0726,Company 726,Chicago,Canada,34461,5411,SIC,1,818761233,LSE,TICK726
CUST0727,OBL0727,OBL0727,Company 727,Miami,UK,40659,4234,SIC,2,664524524,NYSE,TICK727
CUST0728,OBL0728,OBL0728,Company 728,Seattle,Germany,29141,3361,NAICS,3,536233363,Euronext,TICK728
CUST0729,OBL0729,OBL0729,Company 729,San Francisco,Canada,34509,5415,SIC,5,604839057,Euronext,TICK729
CUST0730,OBL0730,OBL0730,Company 730,Miami,USA,67259,4234,NAICS,4,401841751,LSE,TICK730
CUST0731,OBL0731,OBL0731,Company 731,Seattle,USA,21596,6113,NAICS,1,359186779,Euronext,TICK731
CUST0732,OBL0732,OBL0732,Company 732,Boston,Germany,90622,3361,SIC,4,928640075,LSE,TICK732
CUST0733,OBL0733,OBL0733,Company 733,San Francisco,USA,68071,5411,SIC,5,505945047,Euronext,TICK733
CUST0734,OBL0734,OBL0734,Company 734,New York,UK,55700,5222,SIC,3,810855311,NYSE,TICK734
CUST0735,OBL0735,OBL0735,Company 735,Los Angeles,USA,12130,5415,SIC,4,890111557,LSE,TICK735
CUST0736,OBL0736,OBL0736,Company 736,Chicago,Germany,57708,3254,NAICS,2,879612349,NYSE,TICK736
CUST0737,OBL0737,OBL0737,Company 737,Miami,UK,57170,6244,NAICS,4,352970056,TSX,TICK737
CUST0738,OBL0738,OBL0738,Company 738,Chicago,Germany,84361,3361,SIC,5,201975807,NASDAQ,TICK738
CUST0739,OBL0739,OBL0739,Company 739,Miami,UK,97276,3254,NAICS,3,310044630,LSE,TICK739
CUST0740,OBL0740,OBL0740,Company 740,Chicago,UK,84207,4234,NAICS,2,884125853,Euronext,TICK740
CUST0741,OBL0741,OBL0741,Company 741,Miami,France,34578,6113,SIC,1,432571358,NASDAQ,TICK741
CUST0742,OBL0742,OBL0742,Company 742,Boston,UK,54062,5415,NAICS,3,807604582,LSE,TICK742
CUST0743,OBL0743,OBL0743,Company 743,San Francisco,France,18537,5415,NAICS,2,659741963,NASDAQ,TICK743
CUST0744,OBL0744,OBL0744,Company 744,Boston,UK,96867,5415,SIC,4,783201633,NYSE,TICK744
CUST0745,OBL0745,OBL0745,Company 745,Boston,Canada,86462,3254,SIC,3,275991431,NYSE,TICK745
CUST0746,OBL0746,OBL0746,Company 746,Seattle,Germany,78836,5415,NAICS,2,936721168,NASDAQ,TICK746
CUST0747,OBL0747,OBL0747,Company 747,Miami,France,36591,6244,NAICS,2,617923340,NASDAQ,TICK747
CUST0748,OBL0748,OBL0748,Company 748,New York,UK,60941,4234,SIC,5,245034615,LSE,TICK748
CUST0749,OBL0749,OBL0749,Company 749,New York,Germany,31774,5411,NAICS,4,960354668,NASDAQ,TICK749
CUST0750,OBL0750,OBL0750,Company 750,Los Angeles,France,73611,5415,NAICS,5,847429180,LSE,TICK750
CUST0751,OBL0751,OBL0751,Company 751,New York,France,10859,6113,SIC,5,735074292,NASDAQ,TICK751
CUST0752,OBL0752,OBL0752,Company 752,Miami,USA,38872,5411,NAICS,2,854062214,Euronext,TICK752
CUST0753,OBL0753,OBL0753,Company 753,Houston,Canada,17604,6244,SIC,2,264513660,TSX,TICK753
CUST0754,OBL0754,OBL0754,Company 754,New York,Germany,52630,5222,SIC,2,212878352,LSE,TICK754
CUST0755,OBL0755,OBL0755,Company 755,Houston,Canada,44036,6113,NAICS,3,288184226,Euronext,TICK755
CUST0756,OBL0756,OBL0756,Company 756,Seattle,USA,85207,5415,SIC,4,123834198,TSX,TICK756
CUST0757,OBL0757,OBL0757,Company 757,San Francisco,France,67985,6244,SIC,5,158202082,Euronext,TICK757
CUST0758,OBL0758,OBL0758,Company 758,Los Angeles,France,51558,3254,NAICS,2,248043230,NASDAQ,TICK758
CUST0759,OBL0759,OBL0759,Company 759,Seattle,USA,60104,5411,SIC,1,743902829,TSX,TICK759
CUST0760,OBL0760,OBL0760,Company 760,Chicago,USA,87829,6244,NAICS,1,294305059,Euronext,TICK760
CUST0761,OBL0761,OBL0761,Company 761,Miami,France,20606,5222,NAICS,5,945532832,Euronext,TICK761
CUST0762,OBL0762,OBL0762,Company 762,Houston,France,10552,3361,NAICS,2,177153823,TSX,TICK762
CUST0763,OBL0763,OBL0763,Company 763,Los Angeles,USA,37274,6113,NAICS,1,464918332,NYSE,TICK763
CUST0764,OBL0764,OBL0764,Company 764,Los Angeles,Canada,30940,5415,SIC,2,476085208,TSX,TICK764
CUST0765,OBL0765,OBL0765,Company 765,Houston,USA,77967,5222,SIC,1,776127324,TSX,TICK765
CUST0766,OBL0766,OBL0766,Company 766,Houston,USA,96578,5415,NAICS,1,547341173,NASDAQ,TICK766
CUST0767,OBL0767,OBL0767,Company 767,Chicago,France,43946,5222,SIC,5,186179920,Euronext,TICK767
CUST0768,OBL0768,OBL0768,Company 768,New York,France,67392,5415,NAICS,5,695781614,NYSE,TICK768
CUST0769,OBL0769,OBL0769,Company 769,Los Angeles,Canada,33838,6113,SIC,5,278392919,Euronext,TICK769
CUST0770,OBL0770,OBL0770,Company 770,New York,UK,73162,6244,SIC,5,249444809,TSX,TICK770
CUST0771,OBL0771,OBL0771,Company 771,Los Angeles,France,13871,4234,NAICS,5,765839190,LSE,TICK771
CUST0772,OBL0772,OBL0772,Company 772,Chicago,Germany,24831,5415,SIC,3,539933084,LSE,TICK772
CUST0773,OBL0773,OBL0773,Company 773,Houston,USA,60935,5411,SIC,4,581745653,TSX,TICK773
CUST0774,OBL0774,OBL0774,Company 774,Los Angeles,UK,68533,5222,SIC,3,980066493,LSE,TICK774
CUST0775,OBL0775,OBL0775,Company 775,Chicago,UK,82248,6113,NAICS,4,360889133,NYSE,TICK775
CUST0776,OBL0776,OBL0776,Company 776,Seattle,France,25138,6113,NAICS,4,142200695,NASDAQ,TICK776
CUST0777,OBL0777,OBL0777,Company 777,New York,Canada,33268,3361,NAICS,1,723710567,NYSE,TICK777
CUST0778,OBL0778,OBL0778,Company 778,Seattle,UK,23740,3254,NAICS,5,515816403,LSE,TICK778
CUST0779,OBL0779,OBL0779,Company 779,New York,UK,45336,5222,NAICS,3,937124035,TSX,TICK779
CUST0780,OBL0780,OBL0780,Company 780,Houston,USA,81960,3254,NAICS,3,619760741,TSX,TICK780
CUST0781,OBL0781,OBL0781,Company 781,Los Angeles,Germany,27203,5415,SIC,5,370019525,LSE,TICK781
CUST0782,OBL0782,OBL0782,Company 782,San Francisco,UK,70967,5222,SIC,5,296137823,Euronext,TICK782
CUST0783,OBL0783,OBL0783,Company 783,Miami,Germany,80088,5415,NAICS,5,564226462,TSX,TICK783
CUST0784,OBL0784,OBL0784,Company 784,San Francisco,Canada,82416,5222,NAICS,1,258378651,NASDAQ,TICK784
CUST0785,OBL0785,OBL0785,Company 785,Seattle,UK,21465,3254,SIC,4,333837267,NASDAQ,TICK785
CUST0786,OBL0786,OBL0786,Company 786,New York,France,91823,5222,NAICS,5,347032353,Euronext,TICK786
CUST0787,OBL0787,OBL0787,Company 787,Boston,Canada,22506,4234,NAICS,1,655303323,TSX,TICK787
CUST0788,OBL0788,OBL0788,Company 788,Houston,France,73148,5411,NAICS,4,888893340,TSX,TICK788
CUST0789,OBL0789,OBL0789,Company 789,Los Angeles,USA,44662,3361,NAICS,1,461739073,TSX,TICK789
CUST0790,OBL0790,OBL0790,Company 790,New York,France,75570,3254,SIC,5,792123372,NASDAQ,TICK790
CUST0791,OBL0791,OBL0791,Company 791,Chicago,USA,34416,4234,SIC,3,256327080,NASDAQ,TICK791
CUST0792,OBL0792,OBL0792,Company 792,Los Angeles,Canada,14312,6244,NAICS,2,353191757,LSE,TICK792
CUST0793,OBL0793,OBL0793,Company 793,Houston,Germany,51845,6113,SIC,4,545683367,TSX,TICK793
CUST0794,OBL0794,OBL0794,Company 794,Boston,UK,38400,6113,NAICS,4,632696136,NYSE,TICK794
CUST0795,OBL0795,OBL0795,Company 795,Boston,France,40864,5415,NAICS,5,728231553,TSX,TICK795
CUST0796,OBL0796,OBL0796,Company 796,Houston,Canada,66484,5222,SIC,1,504487569,Euronext,TICK796
CUST0797,OBL0797,OBL0797,Company 797,Miami,USA,90212,5222,NAICS,2,516508431,NASDAQ,TICK797
CUST0798,OBL0798,OBL0798,Company 798,New York,USA,30996,4234,SIC,3,888981123,NYSE,TICK798
CUST0799,OBL0799,OBL0799,Company 799,San Francisco,USA,75393,6244,NAICS,4,376863144,NASDAQ,TICK799
CUST0800,OBL0800,OBL0800,Company 800,San Francisco,Canada,28707,3361,SIC,3,192624542,LSE,TICK800
CUST0801,OBL0801,OBL0801,Company 801,Chicago,Canada,15350,5222,SIC,5,538725213,NYSE,TICK801
CUST0802,OBL0802,OBL0802,Company 802,Houston,Germany,22322,5415,SIC,3,121356065,LSE,TICK802
CUST0803,OBL0803,OBL0803,Company 803,Miami,France,93667,5411,NAICS,4,360503905,NASDAQ,TICK803
CUST0804,OBL0804,OBL0804,Company 804,New York,UK,97581,3361,NAICS,1,334094938,NASDAQ,TICK804
CUST0805,OBL0805,OBL0805,Company 805,Houston,Canada,21783,3361,NAICS,3,494910774,LSE,TICK805
CUST0806,OBL0806,OBL0806,Company 806,Miami,UK,64950,5411,NAICS,3,182337952,NASDAQ,TICK806
CUST0807,OBL0807,OBL0807,Company 807,Boston,Germany,75067,5411,SIC,5,538479416,NYSE,TICK807
CUST0808,OBL0808,OBL0808,Company 808,New York,UK,68202,5411,NAICS,4,169455576,NYSE,TICK808
CUST0809,OBL0809,OBL0809,Company 809,Seattle,UK,87691,6113,SIC,3,743779112,LSE,TICK809
CUST0810,OBL0810,OBL0810,Company 810,Miami,Canada,47308,5222,SIC,5,351613937,NYSE,TICK810
CUST0811,OBL0811,OBL0811,Company 811,Los Angeles,UK,34686,6113,SIC,1,628745037,TSX,TICK811
CUST0812,OBL0812,OBL0812,Company 812,New York,France,27107,5222,SIC,1,639449689,LSE,TICK812
CUST0813,OBL0813,OBL0813,Company 813,Miami,USA,19312,6113,NAICS,1,727558492,Euronext,TICK813
CUST0814,OBL0814,OBL0814,Company 814,Seattle,USA,97729,6113,SIC,2,252352333,NASDAQ,TICK814
CUST0815,OBL0815,OBL0815,Company 815,New York,Germany,48729,5411,SIC,5,944209024,NYSE,TICK815
CUST0816,OBL0816,OBL0816,Company 816,Boston,UK,19130,6244,SIC,2,133028442,Euronext,TICK816
CUST0817,OBL0817,OBL0817,Company 817,Chicago,USA,36411,6113,SIC,5,164553582,TSX,TICK817
CUST0818,OBL0818,OBL0818,Company 818,San Francisco,Canada,34470,3254,SIC,1,362540597,Euronext,TICK818
CUST0819,OBL0819,OBL0819,Company 819,Miami,France,96141,5222,SIC,2,147744387,NASDAQ,TICK819
CUST0820,OBL0820,OBL0820,Company 820,New York,Germany,30799,3254,NAICS,2,438203817,Euronext,TICK820
CUST0821,OBL0821,OBL0821,Company 821,Boston,USA,15661,5415,NAICS,4,755800416,NASDAQ,TICK821
CUST0822,OBL0822,OBL0822,Company 822,Seattle,Canada,51530,6244,NAICS,5,743992856,NYSE,TICK822
CUST0823,OBL0823,OBL0823,Company 823,San Francisco,Germany,29753,6113,SIC,4,359200011,Euronext,TICK823
CUST0824,OBL0824,OBL0824,Company 824,Boston,Germany,71941,3361,NAICS,5,297689006,TSX,TICK824
CUST0825,OBL0825,OBL0825,Company 825,Los Angeles,Canada,31500,3254,SIC,1,442702023,NYSE,TICK825
CUST0826,OBL0826,OBL0826,Company 826,New York,France,34620,4234,SIC,3,335103008,NYSE,TICK826
CUST0827,OBL0827,OBL0827,Company 827,Chicago,Germany,62468,3361,SIC,4,333803606,TSX,TICK827
CUST0828,OBL0828,OBL0828,Company 828,Los Angeles,Germany,61424,4234,SIC,1,174057023,TSX,TICK828
CUST0829,OBL0829,OBL0829,Company 829,Miami,France,19830,3361,SIC,4,770429535,LSE,TICK829
CUST0830,OBL0830,OBL0830,Company 830,Los Angeles,USA,28722,5222,SIC,3,317253272,NASDAQ,TICK830
CUST0831,OBL0831,OBL0831,Company 831,Boston,Canada,74100,5415,NAICS,1,911760172,NYSE,TICK831
CUST0832,OBL0832,OBL0832,Company 832,Miami,USA,68259,6113,NAICS,1,605789562,TSX,TICK832
CUST0833,OBL0833,OBL0833,Company 833,Boston,USA,11715,5411,SIC,5,922911112,NASDAQ,TICK833
CUST0834,OBL0834,OBL0834,Company 834,Miami,UK,75239,6244,SIC,4,519000105,LSE,TICK834
CUST0835,OBL0835,OBL0835,Company 835,Los Angeles,Canada,85137,6113,NAICS,2,637991710,NASDAQ,TICK835
CUST0836,OBL0836,OBL0836,Company 836,New York,UK,57384,5415,SIC,1,853946691,Euronext,TICK836
CUST0837,OBL0837,OBL0837,Company 837,New York,Germany,98630,5415,NAICS,5,630456996,NYSE,TICK837
CUST0838,OBL0838,OBL0838,Company 838,New York,Canada,50631,5222,SIC,5,191684635,TSX,TICK838
CUST0839,OBL0839,OBL0839,Company 839,Los Angeles,UK,27044,6113,SIC,3,423568799,NYSE,TICK839
CUST0840,OBL0840,OBL0840,Company 840,Miami,France,50434,3361,SIC,1,837573592,LSE,TICK840
CUST0841,OBL0841,OBL0841,Company 841,Miami,USA,64233,5222,NAICS,4,417679833,NYSE,TICK841
CUST0842,OBL0842,OBL0842,Company 842,Chicago,Germany,40416,5415,SIC,3,900206460,LSE,TICK842
CUST0843,OBL0843,OBL0843,Company 843,New York,Canada,15274,6244,NAICS,2,142234068,NYSE,TICK843
CUST0844,OBL0844,OBL0844,Company 844,Seattle,Canada,11766,5411,SIC,5,504335979,NASDAQ,TICK844
CUST0845,OBL0845,OBL0845,Company 845,Miami,USA,32864,6113,SIC,4,879326975,NYSE,TICK845
CUST0846,OBL0846,OBL0846,Company 846,Seattle,USA,66561,6113,NAICS,5,980769388,Euronext,TICK846
CUST0847,OBL0847,OBL0847,Company 847,Boston,France,25319,5411,SIC,5,835541081,LSE,TICK847
CUST0848,OBL0848,OBL0848,Company 848,Miami,Germany,89834,5411,SIC,3,383446641,LSE,TICK848
CUST0849,OBL0849,OBL0849,Company 849,Chicago,France,52298,4234,NAICS,3,162911695,TSX,TICK849
CUST0850,OBL0850,OBL0850,Company 850,Houston,USA,22027,4234,SIC,2,218077889,LSE,TICK850
CUST0851,OBL0851,OBL0851,Company 851,Boston,USA,48926,4234,NAICS,4,566603816,LSE,TICK851
CUST0852,OBL0852,OBL0852,Company 852,Miami,France,30324,5415,NAICS,1,545272109,NASDAQ,TICK852
CUST0853,OBL0853,OBL0853,Company 853,Seattle,Germany,67009,3361,SIC,1,933169472,NYSE,TICK853
CUST0854,OBL0854,OBL0854,Company 854,Los Angeles,USA,69942,6113,NAICS,2,743623746,TSX,TICK854
CUST0855,OBL0855,OBL0855,Company 855,New York,Canada,85577,3254,SIC,4,736745956,LSE,TICK855
CUST0856,OBL0856,OBL0856,Company 856,Los Angeles,Germany,25161,5415,NAICS,4,963072720,LSE,TICK856
CUST0857,OBL0857,OBL0857,Company 857,San Francisco,Germany,20500,5222,SIC,2,359348052,NASDAQ,TICK857
CUST0858,OBL0858,OBL0858,Company 858,San Francisco,USA,76869,3361,SIC,1,936476220,Euronext,TICK858
CUST0859,OBL0859,OBL0859,Company 859,New York,USA,64728,6244,NAICS,5,454655702,LSE,TICK859
CUST0860,OBL0860,OBL0860,Company 860,San Francisco,Germany,68738,3254,NAICS,5,175880850,LSE,TICK860
CUST0861,OBL0861,OBL0861,Company 861,Seattle,France,99266,4234,SIC,3,787057316,LSE,TICK861
CUST0862,OBL0862,OBL0862,Company 862,San Francisco,Canada,15538,5222,SIC,1,321804888,LSE,TICK862
CUST0863,OBL0863,OBL0863,Company 863,Houston,Germany,62269,5411,SIC,5,441155085,NYSE,TICK863
CUST0864,OBL0864,OBL0864,Company 864,Seattle,Canada,21630,3254,NAICS,4,565838333,TSX,TICK864
CUST0865,OBL0865,OBL0865,Company 865,Seattle,Canada,13298,3361,SIC,5,305518102,TSX,TICK865
CUST0866,OBL0866,OBL0866,Company 866,Chicago,USA,27749,5222,SIC,5,876932939,NASDAQ,TICK866
CUST0867,OBL0867,OBL0867,Company 867,San Francisco,Canada,49390,6244,SIC,1,965504311,LSE,TICK867
CUST0868,OBL0868,OBL0868,Company 868,Chicago,UK,83676,5411,SIC,4,731050085,Euronext,TICK868
CUST0869,OBL0869,OBL0869,Company 869,Chicago,UK,35766,3254,SIC,2,509868354,LSE,TICK869
CUST0870,OBL0870,OBL0870,Company 870,New York,USA,33607,6244,SIC,3,450930141,Euronext,TICK870
CUST0871,OBL0871,OBL0871,Company 871,Houston,USA,80749,4234,SIC,4,553607683,Euronext,TICK871
CUST0872,OBL0872,OBL0872,Company 872,Seattle,France,68003,4234,NAICS,2,679897885,NASDAQ,TICK872
CUST0873,OBL0873,OBL0873,Company 873,Boston,USA,86530,6113,SIC,5,577012819,Euronext,TICK873
CUST0874,OBL0874,OBL0874,Company 874,Chicago,France,69094,3254,NAICS,5,993439006,LSE,TICK874
CUST0875,OBL0875,OBL0875,Company 875,Chicago,France,27171,5415,NAICS,1,478285427,LSE,TICK875
CUST0876,OBL0876,OBL0876,Company 876,Seattle,Germany,70475,5411,SIC,3,654039378,LSE,TICK876
CUST0877,OBL0877,OBL0877,Company 877,Seattle,France,56491,5415,NAICS,3,979123404,Euronext,TICK877
CUST0878,OBL0878,OBL0878,Company 878,San Francisco,Germany,93046,3254,NAICS,4,153448450,Euronext,TICK878
CUST0879,OBL0879,OBL0879,Company 879,San Francisco,USA,90373,5415,NAICS,3,423325923,NYSE,TICK879
CUST0880,OBL0880,OBL0880,Company 880,Boston,UK,71034,3254,NAICS,5,314012348,NYSE,TICK880
CUST0881,OBL0881,OBL0881,Company 881,Boston,UK,11504,4234,SIC,5,449062970,NASDAQ,TICK881
CUST0882,OBL0882,OBL0882,Company 882,Houston,Canada,98989,5222,SIC,2,335194853,NASDAQ,TICK882
CUST0883,OBL0883,OBL0883,Company 883,Seattle,Canada,15350,6244,SIC,1,119078141,NYSE,TICK883
CUST0884,OBL0884,OBL0884,Company 884,San Francisco,Canada,15579,5222,NAICS,3,286204479,Euronext,TICK884
CUST0885,OBL0885,OBL0885,Company 885,Seattle,UK,27727,6113,NAICS,4,271258205,TSX,TICK885
CUST0886,OBL0886,OBL0886,Company 886,Houston,France,41492,3254,SIC,5,848955422,NASDAQ,TICK886
CUST0887,OBL0887,OBL0887,Company 887,San Francisco,Germany,25502,3361,NAICS,3,862017634,Euronext,TICK887
CUST0888,OBL0888,OBL0888,Company 888,Miami,USA,24189,4234,NAICS,5,911842676,NYSE,TICK888
CUST0889,OBL0889,OBL0889,Company 889,Boston,Germany,79057,5411,NAICS,3,408147101,LSE,TICK889
CUST0890,OBL0890,OBL0890,Company 890,Houston,Germany,45675,5222,SIC,2,683623047,TSX,TICK890
CUST0891,OBL0891,OBL0891,Company 891,Chicago,USA,10382,6244,SIC,3,639282574,LSE,TICK891
CUST0892,OBL0892,OBL0892,Company 892,Miami,Germany,90593,5222,SIC,4,137296537,NYSE,TICK892
CUST0893,OBL0893,OBL0893,Company 893,Houston,UK,32972,6113,SIC,2,985183094,LSE,TICK893
CUST0894,OBL0894,OBL0894,Company 894,Chicago,UK,17121,6244,NAICS,5,238519559,Euronext,TICK894
CUST0895,OBL0895,OBL0895,Company 895,Houston,France,51477,3361,NAICS,1,663232842,LSE,TICK895
CUST0896,OBL0896,OBL0896,Company 896,Houston,Germany,79909,3361,NAICS,3,156047458,Euronext,TICK896
CUST0897,OBL0897,OBL0897,Company 897,Boston,UK,66585,3361,SIC,4,974331427,NASDAQ,TICK897
CUST0898,OBL0898,OBL0898,Company 898,Los Angeles,Germany,32984,5415,NAICS,4,655579939,Euronext,TICK898
CUST0899,OBL0899,OBL0899,Company 899,San Francisco,UK,95921,5411,NAICS,5,746835110,LSE,TICK899
CUST0900,OBL0900,OBL0900,Company 900,Los Angeles,Canada,66201,5415,NAICS,4,929052233,Euronext,TICK900
CUST0901,OBL0901,OBL0901,Company 901,Seattle,France,66733,6244,NAICS,5,717908790,NASDAQ,TICK901
CUST0902,OBL0902,OBL0902,Company 902,New York,UK,52888,5222,SIC,2,166188575,Euronext,TICK902
CUST0903,OBL0903,OBL0903,Company 903,Boston,Canada,82882,3361,SIC,4,982075931,NYSE,TICK903
CUST0904,OBL0904,OBL0904,Company 904,Boston,Canada,39272,6113,SIC,2,857830832,Euronext,TICK904
CUST0905,OBL0905,OBL0905,Company 905,Boston,Germany,16011,3254,NAICS,3,946981536,LSE,TICK905
CUST0906,OBL0906,OBL0906,Company 906,Miami,USA,62665,4234,SIC,1,925330313,TSX,TICK906
CUST0907,OBL0907,OBL0907,Company 907,Miami,France,88229,6244,NAICS,4,650174385,TSX,TICK907
CUST0908,OBL0908,OBL0908,Company 908,Boston,France,37918,5222,SIC,2,770951477,LSE,TICK908
CUST0909,OBL0909,OBL0909,Company 909,New York,Germany,67709,4234,NAICS,2,926964676,NASDAQ,TICK909
CUST0910,OBL0910,OBL0910,Company 910,Chicago,UK,51734,5411,NAICS,5,272032508,NASDAQ,TICK910
CUST0911,OBL0911,OBL0911,Company 911,Los Angeles,Germany,28928,5415,SIC,2,478257543,TSX,TICK911
CUST0912,OBL0912,OBL0912,Company 912,Boston,UK,41026,6113,NAICS,1,107121032,NYSE,TICK912
CUST0913,OBL0913,OBL0913,Company 913,Boston,Germany,98952,3361,NAICS,3,681511840,NYSE,TICK913
CUST0914,OBL0914,OBL0914,Company 914,Los Angeles,UK,45647,5415,SIC,2,683235192,LSE,TICK914
CUST0915,OBL0915,OBL0915,Company 915,Chicago,Canada,30626,3361,NAICS,4,128744172,NYSE,TICK915
CUST0916,OBL0916,OBL0916,Company 916,New York,France,45966,3254,SIC,4,386130537,NASDAQ,TICK916
CUST0917,OBL0917,OBL0917,Company 917,Los Angeles,UK,13460,5222,NAICS,1,687669442,NYSE,TICK917
CUST0918,OBL0918,OBL0918,Company 918,New York,Germany,82791,4234,SIC,3,453150488,Euronext,TICK918
CUST0919,OBL0919,OBL0919,Company 919,Houston,UK,26984,6244,NAICS,1,995143583,LSE,TICK919
CUST0920,OBL0920,OBL0920,Company 920,New York,Germany,20154,3361,SIC,4,198876398,Euronext,TICK920
CUST0921,OBL0921,OBL0921,Company 921,Chicago,Canada,96922,6244,NAICS,2,256471526,Euronext,TICK921
CUST0922,OBL0922,OBL0922,Company 922,Seattle,UK,31575,5222,SIC,5,403785739,NASDAQ,TICK922
CUST0923,OBL0923,OBL0923,Company 923,Seattle,USA,72079,5411,NAICS,5,445817371,NASDAQ,TICK923
CUST0924,OBL0924,OBL0924,Company 924,Miami,UK,24905,6244,NAICS,4,887808645,TSX,TICK924
CUST0925,OBL0925,OBL0925,Company 925,Chicago,UK,28510,6244,NAICS,1,526785237,NYSE,TICK925
CUST0926,OBL0926,OBL0926,Company 926,Los Angeles,UK,61354,5222,NAICS,5,439020850,NYSE,TICK926
CUST0927,OBL0927,OBL0927,Company 927,Houston,France,36134,4234,SIC,3,702812287,LSE,TICK927
CUST0928,OBL0928,OBL0928,Company 928,Houston,Germany,56358,4234,SIC,3,194730677,NYSE,TICK928
CUST0929,OBL0929,OBL0929,Company 929,Boston,France,82403,6244,SIC,1,916551537,LSE,TICK929
CUST0930,OBL0930,OBL0930,Company 930,Los Angeles,Germany,45884,4234,SIC,1,926588218,LSE,TICK930
CUST0931,OBL0931,OBL0931,Company 931,Boston,France,77001,4234,SIC,1,906132705,Euronext,TICK931
CUST0932,OBL0932,OBL0932,Company 932,Chicago,Germany,88865,5415,NAICS,5,331697260,Euronext,TICK932
CUST0933,OBL0933,OBL0933,Company 933,San Francisco,USA,12537,5411,SIC,4,870601318,LSE,TICK933
CUST0934,OBL0934,OBL0934,Company 934,Boston,France,29586,3254,SIC,1,654229687,TSX,TICK934
CUST0935,OBL0935,OBL0935,Company 935,Miami,Canada,86589,6244,NAICS,1,921520687,NASDAQ,TICK935
CUST0936,OBL0936,OBL0936,Company 936,Seattle,Germany,22518,4234,SIC,3,313717869,TSX,TICK936
CUST0937,OBL0937,OBL0937,Company 937,Miami,France,31509,3361,SIC,3,667592857,TSX,TICK937
CUST0938,OBL0938,OBL0938,Company 938,Houston,UK,30679,3361,NAICS,2,688817786,TSX,TICK938
CUST0939,OBL0939,OBL0939,Company 939,Los Angeles,Germany,65535,6244,SIC,1,365861116,NYSE,TICK939
CUST0940,OBL0940,OBL0940,Company 940,Miami,Canada,36894,5411,NAICS,1,139045481,NASDAQ,TICK940
CUST0941,OBL0941,OBL0941,Company 941,Seattle,Canada,38529,3254,SIC,4,625055790,NASDAQ,TICK941
CUST0942,OBL0942,OBL0942,Company 942,San Francisco,USA,57903,3254,SIC,3,113164080,TSX,TICK942
CUST0943,OBL0943,OBL0943,Company 943,Seattle,Canada,28117,3254,SIC,1,281867815,LSE,TICK943
CUST0944,OBL0944,OBL0944,Company 944,Los Angeles,USA,16473,6113,SIC,4,179578802,NYSE,TICK944
CUST0945,OBL0945,OBL0945,Company 945,Los Angeles,UK,46878,5222,SIC,3,457760084,NYSE,TICK945
CUST0946,OBL0946,OBL0946,Company 946,Seattle,UK,47650,3254,SIC,5,734749637,LSE,TICK946
CUST0947,OBL0947,OBL0947,Company 947,Miami,Germany,27857,6244,NAICS,5,976940407,NYSE,TICK947
CUST0948,OBL0948,OBL0948,Company 948,Houston,France,33370,4234,NAICS,5,299502273,NYSE,TICK948
CUST0949,OBL0949,OBL0949,Company 949,Seattle,France,32793,5415,NAICS,3,214517347,Euronext,TICK949
CUST0950,OBL0950,OBL0950,Company 950,Boston,France,50023,6244,NAICS,1,372074870,TSX,TICK950
CUST0951,OBL0951,OBL0951,Company 951,Miami,Canada,26978,4234,SIC,1,937339172,NYSE,TICK951
CUST0952,OBL0952,OBL0952,Company 952,Chicago,Canada,91863,5415,NAICS,5,503274388,LSE,TICK952
CUST0953,OBL0953,OBL0953,Company 953,Chicago,Germany,16115,6244,SIC,5,152055975,NYSE,TICK953
CUST0954,OBL0954,OBL0954,Company 954,Seattle,Canada,69548,5415,SIC,4,377849125,LSE,TICK954
CUST0955,OBL0955,OBL0955,Company 955,Seattle,Germany,63322,5411,NAICS,3,388839829,Euronext,TICK955
CUST0956,OBL0956,OBL0956,Company 956,Seattle,USA,99539,3254,SIC,1,748303283,TSX,TICK956
CUST0957,OBL0957,OBL0957,Company 957,Chicago,UK,48809,6244,SIC,5,825735749,NASDAQ,TICK957
CUST0958,OBL0958,OBL0958,Company 958,Seattle,USA,60151,6244,NAICS,3,935991835,Euronext,TICK958
CUST0959,OBL0959,OBL0959,Company 959,New York,Germany,78465,5415,NAICS,5,815252548,LSE,TICK959
CUST0960,OBL0960,OBL0960,Company 960,Boston,Germany,67237,4234,NAICS,5,414121107,LSE,TICK960
CUST0961,OBL0961,OBL0961,Company 961,San Francisco,France,32935,5222,SIC,4,163914379,NYSE,TICK961
CUST0962,OBL0962,OBL0962,Company 962,Miami,France,55436,6244,NAICS,2,524159858,NYSE,TICK962
CUST0963,OBL0963,OBL0963,Company 963,Miami,UK,85140,5415,SIC,1,806837328,NASDAQ,TICK963
CUST0964,OBL0964,OBL0964,Company 964,Boston,Canada,27561,4234,NAICS,5,883290466,Euronext,TICK964
CUST0965,OBL0965,OBL0965,Company 965,Chicago,France,98884,3361,NAICS,3,567554562,LSE,TICK965
CUST0966,OBL0966,OBL0966,Company 966,Seattle,France,17940,5411,SIC,2,485675940,TSX,TICK966
CUST0967,OBL0967,OBL0967,Company 967,Miami,Canada,53257,3361,SIC,5,139027569,TSX,TICK967
CUST0968,OBL0968,OBL0968,Company 968,Boston,USA,60848,3361,NAICS,3,850700670,NASDAQ,TICK968
CUST0969,OBL0969,OBL0969,Company 969,San Francisco,France,43302,4234,SIC,5,257786488,TSX,TICK969
CUST0970,OBL0970,OBL0970,Company 970,Boston,Canada,66033,3254,SIC,5,950555444,NASDAQ,TICK970
CUST0971,OBL0971,OBL0971,Company 971,Miami,Canada,22069,5415,SIC,4,983499231,NASDAQ,TICK971
CUST0972,OBL0972,OBL0972,Company 972,Seattle,USA,86857,5222,NAICS,4,748092679,Euronext,TICK972
CUST0973,OBL0973,OBL0973,Company 973,Chicago,Germany,65688,6244,NAICS,4,403117798,NYSE,TICK973
CUST0974,OBL0974,OBL0974,Company 974,San Francisco,USA,31280,5415,NAICS,4,253599326,LSE,TICK974
CUST0975,OBL0975,OBL0975,Company 975,Chicago,Germany,93990,5222,SIC,1,169731789,LSE,TICK975
CUST0976,OBL0976,OBL0976,Company 976,Miami,USA,66943,4234,SIC,2,970155902,NASDAQ,TICK976
CUST0977,OBL0977,OBL0977,Company 977,Miami,France,76003,3254,SIC,4,737181099,NASDAQ,TICK977
CUST0978,OBL0978,OBL0978,Company 978,Miami,France,21681,5222,SIC,1,529042679,NASDAQ,TICK978
CUST0979,OBL0979,OBL0979,Company 979,Boston,France,58080,3254,SIC,4,472199368,TSX,TICK979
CUST0980,OBL0980,OBL0980,Company 980,Boston,UK,25949,5415,SIC,2,992999226,TSX,TICK980
CUST0981,OBL0981,OBL0981,Company 981,San Francisco,Canada,65054,5415,SIC,1,168568885,Euronext,TICK981
CUST0982,OBL0982,OBL0982,Company 982,Boston,France,39389,5415,SIC,4,531248352,NYSE,TICK982
CUST0983,OBL0983,OBL0983,Company 983,San Francisco,USA,57686,5411,NAICS,5,835525754,NYSE,TICK983
CUST0984,OBL0984,OBL0984,Company 984,Miami,USA,95055,5411,SIC,4,165246116,NASDAQ,TICK984
CUST0985,OBL0985,OBL0985,Company 985,San Francisco,France,69846,5222,NAICS,3,194652501,NASDAQ,TICK985
CUST0986,OBL0986,OBL0986,Company 986,San Francisco,Canada,19306,3254,SIC,1,258646102,NYSE,TICK986
CUST0987,OBL0987,OBL0987,Company 987,San Francisco,UK,23055,5411,SIC,5,891943200,NYSE,TICK987
CUST0988,OBL0988,OBL0988,Company 988,Seattle,Germany,84652,6113,SIC,4,871263911,Euronext,TICK988
CUST0989,OBL0989,OBL0989,Company 989,Boston,UK,56381,3254,NAICS,2,392015706,Euronext,TICK989
CUST0990,OBL0990,OBL0990,Company 990,Houston,Germany,80850,3361,NAICS,2,121627270,Euronext,TICK990
CUST0991,OBL0991,OBL0991,Company 991,Chicago,Germany,73219,3254,SIC,5,118440865,LSE,TICK991
CUST0992,OBL0992,OBL0992,Company 992,Chicago,USA,59961,6113,NAICS,4,930346741,NYSE,TICK992
CUST0993,OBL0993,OBL0993,Company 993,Boston,Germany,55614,4234,SIC,5,392407850,Euronext,TICK993
CUST0994,OBL0994,OBL0994,Company 994,New York,Germany,33616,4234,SIC,4,892283827,NASDAQ,TICK994
CUST0995,OBL0995,OBL0995,Company 995,Chicago,UK,32189,6113,NAICS,5,485319258,NASDAQ,TICK995
CUST0996,OBL0996,OBL0996,Company 996,New York,France,80574,6113,NAICS,2,984769630,TSX,TICK996
CUST0997,OBL0997,OBL0997,Company 997,Houston,UK,58947,6113,SIC,3,999486659,LSE,TICK997
CUST0998,OBL0998,OBL0998,Company 998,Los Angeles,Canada,25415,5222,NAICS,3,148887052,NYSE,TICK998
CUST0999,OBL0999,OBL0999,Company 999,New York,Canada,19560,6113,NAICS,2,634516333,NYSE,TICK999
CUST1000,OBL1000,OBL1000,Company 1000,Seattle,Canada,84165,3254,NAICS,3,616897295,NASDAQ,TICK1000
